policy,m,m_c,r_im,replicated_storage_gib,replicated_storage_tib,reduction_percent,failure_tolerance
Fixed-3,100,33,3,2942.595121948621414988860487937927246093750,2.873628048777950600575059070251882076263427734375,94.8657380960704163638601073184705879800226005174105067069874,2
Fixed-3,500,166,3,8365.482568427976950442232191562652587890625,8.1694165707304462406662423745729029178619384765625,97.0807687310631857820613166194047056049578925622527506215930,2
Fixed-3,1000,333,3,15174.672068894536156613007187843322753906250,14.819015692279820465442389831878244876861572265625,97.3523119056774580002461180503176467780248605691515573776862,2
Fixed-3,5000,1666,3,69525.867303157550658562965691089630126953125,67.8963547882397955650028961827047169208526611328125,97.5738149691767349420662389804110585405183897736357817691467,2
Fixed-3,10000,3333,3,137495.441538353683572854474186897277832031250,134.272892127298519114115697448141872882843017578125,97.6009692866381621638847191235023526578250865743256624447560,2
Fixed-3,18000,6000,3,246238.605596702865625893138349056243896484375,240.4673882780301422127862679190002381801605224609375,97.6131169189137568396424191831237252067028769079464460595932,2
Fixed-5,100,33,5,4007.306227138335277262330055236816406250000,3.913384987439780544201494194567203521728515625,93.0080222229990552729361001639058821146877604829164729265216,4
Fixed-5,500,166,5,9430.193673617690812715701758861541748046875,9.2091735093922761842926774988882243633270263671875,96.7092255564489135638765151884917644318909245553539438654998,4
Fixed-5,1000,333,5,16239.383174084250018886476755142211914062500,15.85877263094165040906882495619356632232666015625,97.1665403183703218911537173348611761914913765657021539996396,4
Fixed-5,5000,1666,5,70590.578408347264520836435258388519287109375,68.9361117269016255086293313070200383663177490234375,97.5366606517153077202477588373197644232116929729459010935374,4
Fixed-5,10000,3333,5,138560.152643543397435127943754196166992187500,135.31264906596034905774213257245719432830810546875,97.5823921279074485529754790519567055991717381739807221069514,4
Fixed-5,18000,6000,5,247303.316701892579488166607916355133056640625,241.5071452166919721564127030433155596256256103515625,97.6027962751744715002483969211539212852287944633103680941462,4
Logarithmic,100,33,6,4539.661779733192208399064838886260986328125,4.4332634567706955160147117567248642444610595703125,92.0791642864633747274740965866235291820203404656694560362887,5
Logarithmic,500,166,8,11027.260331402261606125906109809875488281250,10.768808917385021099732330185361206531524658203125,96.1519107945275052365993130421223526722904725450057337313601,7
Logarithmic,1000,333,9,18368.805384463677743433415889739990234375000,17.9382865082653102963216952048242092132568359375,96.7949971437560496729689159039482350184244085588033472435464,8
Logarithmic,5000,1666,11,73784.711723916406107656843960285186767578125,72.0553825428871153395086366799660027027130126953125,97.4251976993310260547923184080458820712916025708762590667094,10
Logarithmic,10000,3333,12,142286.641511707395953085087239742279052734375,138.9517983512767538604346555075608193874359130859375,97.5173720723499509147931388015469408938850187727734309246351,11
Logarithmic,18000,6000,13,251562.161122651434937260486185550689697265625,245.6661729713392919309184435405768454074859619140625,97.5615137002173301426723078732747055993324646847660562323581,12
Proportional-1%,100,33,1,1877.884016758907552715390920639038085937500,1.83387111011612065694862394593656063079833984375,96.7234539691417774547841144730352938453574405519045404874532,0
Proportional-1%,500,166,2,7833.127015833120019305497407913208007812500,7.64953810139953126885302481241524219512939453125,97.2665403183703218911537173348611761914913765657021539996396,1
Proportional-1%,1000,333,4,15707.027621489393087749741971492767333984375,15.3388941616107354372556073940359055995941162109375,97.2594261120238899456999176925894114847581185674268556886628,3
Proportional-1%,5000,1666,17,76978.845039485547694477252662181854248046875,75.1746533588726051703879420529119670391082763671875,97.3137347469467443893368779787719997193715121688066170398815,16
Proportional-1%,10000,3333,34,153998.463668794248438093252480030059814453125,150.3891246765568832403254418750293552875518798828125,97.3130233263121011947914980145448232486981863689790872087838,33
Proportional-1%,18000,6000,60,276582.872094609710700687021017074584960937500,270.10046102989229560613966896198689937591552734375,97.3189785723441246669127847169843134446915272358182240443528,59
Square-root,100,33,6,4539.661779733192208399064838886260986328125,4.4332634567706955160147117567248642444610595703125,92.0791642864633747274740965866235291820203404656694560362887,5
Square-root,500,166,13,13689.038094376546261809580028057098388671875,13.3682012640395959587984179961495101451873779296875,95.2230528579918246911373094648399997396230525277587168411272,12
Square-root,1000,333,19,23692.360910412247054800763726234436035156250,23.137071201574460014453870826400816440582275390625,95.8661392072203691275069123266658820857569885415563303533135,18
Square-root,5000,1666,41,89755.378301762114041758887469768524169921875,87.6517366228145644939051635446958243846893310546875,96.8678829374096177275151162616764703116911505605280489325697,40
Square-root,10000,3333,58,166774.996931070814785374887287616729736328125,162.8662079404988425638426633668132126331329345703125,97.0900974215435378638806171559970585448580055648398031551279,57
Square-root,18000,6000,78,286165.272041317135461148247122764587402343750,279.458273477848765098777585080824792385101318359375,97.2260927786905566123665843592560781514247852340935223553295,77
Full IM,100,33,33,18913.261699794329349090903997421264648437500,18.46998212870539975497158593498170375823974609375,67.00,32
Full IM,500,166,166,95139.437641389656725730001926422119140625000,92.9096070716695866462207050062716007232666015625,66.800,165
Full IM,1000,333,333,190852.004425197323431735485792160034179687500,186.37891057148176116380418534390628337860107421875,66.700,332
Full IM,5000,1666,1666,954833.151268404627138952910900115966796875000,932.4542492855513936903837020508944988250732421875,66.6800,1665
Full IM,10000,3333,3333,1910239.431679227264258181303739547729492187500,1865.46819499924537525213017943315207958221435546875,66.6700,3332
Full IM,18000,6000,6000,3438774.854508059881652891635894775390625000000,3358.1785688555272281766519881784915924072265625,66.6666666666666666666666666666666666666666666666666666666667,5999
