policy,scenario,retrieval_strategy,successes,attempts,success_rate,ci95_low,ci95_high,failure_rate,timeout_rate,checksum_failure_rate,p50_retrieval_latency_ms,p95_retrieval_latency_ms,p99_retrieval_latency_ms,mean_replicas_contacted,mean_surviving_replicas,maximum_tolerated_failures,probability_complete_object_loss,bytes_read_per_successful_retrieval
Fixed-3,churn:20-cycles/cycle-1,parallel-first-valid,1710,1710,1.0,0.9977584859650974,1.0000000000000002,0.0,0.0,0.0,0.120392,0.173725,0.179607,3.0,1.3666666666666667,1,0.0,1322.0526315789473
Fixed-3,churn:20-cycles/cycle-1,sequential,1710,1710,1.0,0.9977584859650974,1.0000000000000002,0.0,0.0,0.0,0.219607,0.444704,0.5120336700000019,1.7555555555555555,1.3666666666666667,1,0.0,1320.4561403508771
Fixed-3,churn:20-cycles/cycle-10,parallel-first-valid,1710,1710,1.0,0.9977584859650974,1.0000000000000002,0.0,0.0,0.0,0.119215,0.173725,0.179607,3.0,1.3666666666666667,1,0.0,1322.0526315789473
Fixed-3,churn:20-cycles/cycle-10,sequential,1710,1710,1.0,0.9977584859650974,1.0000000000000002,0.0,0.0,0.0,0.219607,0.444704,0.490979,1.7666666666666666,1.3666666666666667,1,0.0,1320.4561403508771
Fixed-3,churn:20-cycles/cycle-11,parallel-first-valid,1710,1710,1.0,0.9977584859650974,1.0000000000000002,0.0,0.0,0.0,0.118823,0.17354859999999997,0.179607,3.0,1.3666666666666667,1,0.0,1323.6491228070176
Fixed-3,churn:20-cycles/cycle-11,sequential,1710,1710,1.0,0.9977584859650974,1.0000000000000002,0.0,0.0,0.0,0.227842,0.444704,0.514116,1.7608187134502924,1.3666666666666667,1,0.0,1320.4561403508771
Fixed-3,churn:20-cycles/cycle-12,parallel-first-valid,1710,1710,1.0,0.9977584859650974,1.0000000000000002,0.0,0.0,0.0,0.118431,0.173333,0.178431,3.0,1.3666666666666667,1,0.0,1323.6491228070176
Fixed-3,churn:20-cycles/cycle-12,sequential,1710,1710,1.0,0.9977584859650974,1.0000000000000002,0.0,0.0,0.0,0.219607,0.4436451499999999,0.515684,1.7473684210526317,1.3666666666666667,1,0.0,1320.4561403508771
Fixed-3,churn:20-cycles/cycle-13,parallel-first-valid,1710,1710,1.0,0.9977584859650974,1.0000000000000002,0.0,0.0,0.0,0.118823,0.173333,0.178431,3.0,1.3666666666666667,1,0.0,1323.6491228070176
Fixed-3,churn:20-cycles/cycle-13,sequential,1710,1710,1.0,0.9977584859650974,1.0000000000000002,0.0,0.0,0.0,0.219607,0.442351,0.5155428800000001,1.7385964912280703,1.3666666666666667,1,0.0,1320.4561403508771
Fixed-3,churn:20-cycles/cycle-14,parallel-first-valid,1710,1710,1.0,0.9977584859650974,1.0000000000000002,0.0,0.0,0.0,0.116862,0.168235,0.178431,3.0,1.6333333333333333,1,0.0,1325.2456140350878
Fixed-3,churn:20-cycles/cycle-14,sequential,1710,1710,1.0,0.9977584859650974,1.0000000000000002,0.0,0.0,0.0,0.170588,0.428233,0.462351,1.5789473684210527,1.6333333333333333,1,0.0,1320.4561403508771
Fixed-3,churn:20-cycles/cycle-15,parallel-first-valid,1710,1710,1.0,0.9977584859650974,1.0000000000000002,0.0,0.0,0.0,0.115294,0.168235,0.178431,3.0,1.6333333333333333,1,0.0,1325.2456140350878
Fixed-3,churn:20-cycles/cycle-15,sequential,1710,1710,1.0,0.9977584859650974,1.0000000000000002,0.0,0.0,0.0,0.170588,0.42025389999999996,0.482743,1.587719298245614,1.6333333333333333,1,0.0,1320.4561403508771
Fixed-3,churn:20-cycles/cycle-16,parallel-first-valid,1710,1710,1.0,0.9977584859650974,1.0000000000000002,0.0,0.0,0.0,0.121176,0.17394059999999997,0.179607,3.0,1.3666666666666667,1,0.0,1321.2543859649122
Fixed-3,churn:20-cycles/cycle-16,sequential,1710,1710,1.0,0.9977584859650974,1.0000000000000002,0.0,0.0,0.0,0.219607,0.444704,0.482743,1.7730994152046784,1.3666666666666667,1,0.0,1320.4561403508771
Fixed-3,churn:20-cycles/cycle-17,parallel-first-valid,1710,1710,1.0,0.9977584859650974,1.0000000000000002,0.0,0.0,0.0,0.119215,0.173725,0.17950116000000008,3.0,1.3666666666666667,1,0.0,1323.6491228070176
Fixed-3,churn:20-cycles/cycle-17,sequential,1710,1710,1.0,0.9977584859650974,1.0000000000000002,0.0,0.0,0.0,0.218822,0.442351,0.5120336700000019,1.7450292397660818,1.3666666666666667,1,0.0,1320.4561403508771
Fixed-3,churn:20-cycles/cycle-18,parallel-first-valid,1710,1710,1.0,0.9977584859650974,1.0000000000000002,0.0,0.0,0.0,0.114117,0.168235,0.178039,3.0,1.6333333333333333,1,0.0,1324.4473684210527
Fixed-3,churn:20-cycles/cycle-18,sequential,1710,1710,1.0,0.9977584859650974,1.0000000000000002,0.0,0.0,0.0,0.170588,0.414508,0.5120336700000019,1.5783625730994153,1.6333333333333333,1,0.0,1320.4561403508771
Fixed-3,churn:20-cycles/cycle-19,parallel-first-valid,1710,1710,1.0,0.9977584859650974,1.0000000000000002,0.0,0.0,0.0,0.121176,0.17394059999999997,0.179607,3.0,1.3666666666666667,1,0.0,1323.6491228070176
Fixed-3,churn:20-cycles/cycle-19,sequential,1710,1710,1.0,0.9977584859650974,1.0000000000000002,0.0,0.0,0.0,0.218822,0.442351,0.49034369000000055,1.7514619883040936,1.3666666666666667,1,0.0,1320.4561403508771
Fixed-3,churn:20-cycles/cycle-2,parallel-first-valid,1710,1710,1.0,0.9977584859650974,1.0000000000000002,0.0,0.0,0.0,0.115294,0.168235,0.178431,3.0,1.6333333333333333,1,0.0,1326.0438596491229
Fixed-3,churn:20-cycles/cycle-2,sequential,1710,1710,1.0,0.9977584859650974,1.0000000000000002,0.0,0.0,0.0,0.169019,0.419606,0.482743,1.5947368421052632,1.6333333333333333,1,0.0,1320.4561403508771
Fixed-3,churn:20-cycles/cycle-20,parallel-first-valid,1710,1710,1.0,0.9977584859650974,1.0000000000000002,0.0,0.0,0.0,0.118823,0.173333,0.178431,3.0,1.3666666666666667,1,0.0,1323.6491228070176
Fixed-3,churn:20-cycles/cycle-20,sequential,1710,1710,1.0,0.9977584859650974,1.0000000000000002,0.0,0.0,0.0,0.219607,0.444704,0.514116,1.753216374269006,1.3666666666666667,1,0.0,1320.4561403508771
Fixed-3,churn:20-cycles/cycle-3,parallel-first-valid,1710,1710,1.0,0.9977584859650974,1.0000000000000002,0.0,0.0,0.0,0.116078,0.16866619999999996,0.178039,3.0,1.6333333333333333,1,0.0,1326.0438596491229
Fixed-3,churn:20-cycles/cycle-3,sequential,1710,1710,1.0,0.9977584859650974,1.0000000000000002,0.0,0.0,0.0,0.170588,0.414508,0.48392,1.5783625730994153,1.6333333333333333,1,0.0,1320.4561403508771
Fixed-3,churn:20-cycles/cycle-4,parallel-first-valid,1710,1710,1.0,0.9977584859650974,1.0000000000000002,0.0,0.0,0.0,0.119215,0.173725,0.179607,3.0,1.3666666666666667,1,0.0,1322.8508771929824
Fixed-3,churn:20-cycles/cycle-4,sequential,1710,1710,1.0,0.9977584859650974,1.0000000000000002,0.0,0.0,0.0,0.227842,0.444704,0.490979,1.7672514619883042,1.3666666666666667,1,0.0,1320.4561403508771
Fixed-3,churn:20-cycles/cycle-5,parallel-first-valid,1710,1710,1.0,0.9977584859650974,1.0000000000000002,0.0,0.0,0.0,0.119215,0.173725,0.179607,3.0,1.3666666666666667,1,0.0,1322.8508771929824
Fixed-3,churn:20-cycles/cycle-5,sequential,1710,1710,1.0,0.9977584859650974,1.0000000000000002,0.0,0.0,0.0,0.21921449999999998,0.444704,0.5120336700000019,1.7514619883040936,1.3666666666666667,1,0.0,1320.4561403508771
Fixed-3,churn:20-cycles/cycle-6,parallel-first-valid,1710,1710,1.0,0.9977584859650974,1.0000000000000002,0.0,0.0,0.0,0.115294,0.168235,0.178431,3.0,1.6333333333333333,1,0.0,1326.842105263158
Fixed-3,churn:20-cycles/cycle-6,sequential,1710,1710,1.0,0.9977584859650974,1.0000000000000002,0.0,0.0,0.0,0.169019,0.414508,0.48392,1.5830409356725146,1.6333333333333333,1,0.0,1320.4561403508771
Fixed-3,churn:20-cycles/cycle-7,parallel-first-valid,1710,1710,1.0,0.9977584859650974,1.0000000000000002,0.0,0.0,0.0,0.116078,0.168235,0.178039,3.0,1.6333333333333333,1,0.0,1324.4473684210527
Fixed-3,churn:20-cycles/cycle-7,sequential,1710,1710,1.0,0.9977584859650974,1.0000000000000002,0.0,0.0,0.0,0.170588,0.414508,0.465881,1.5678362573099416,1.6333333333333333,1,0.0,1320.4561403508771
Fixed-3,churn:20-cycles/cycle-8,parallel-first-valid,1710,1710,1.0,0.9977584859650974,1.0000000000000002,0.0,0.0,0.0,0.12,0.173725,0.179607,3.0,1.3666666666666667,1,0.0,1323.6491228070176
Fixed-3,churn:20-cycles/cycle-8,sequential,1710,1710,1.0,0.9977584859650974,1.0000000000000002,0.0,0.0,0.0,0.227842,0.444704,0.490979,1.765497076023392,1.3666666666666667,1,0.0,1320.4561403508771
Fixed-3,churn:20-cycles/cycle-9,parallel-first-valid,1710,1710,1.0,0.9977584859650974,1.0000000000000002,0.0,0.0,0.0,0.119215,0.173725,0.179607,3.0,1.3666666666666667,1,0.0,1323.6491228070176
Fixed-3,churn:20-cycles/cycle-9,sequential,1710,1710,1.0,0.9977584859650974,1.0000000000000002,0.0,0.0,0.0,0.227842,0.444704,0.490979,1.7666666666666666,1.3666666666666667,1,0.0,1320.4561403508771
Fixed-5,churn:20-cycles/cycle-1,parallel-first-valid,1710,1710,1.0,0.9977584859650974,1.0000000000000002,0.0,0.0,0.0,0.10549,0.16552919999999996,0.17757635000000005,5.0,2.6333333333333333,3,0.0,1340.2134502923977
Fixed-5,churn:20-cycles/cycle-1,sequential,1710,1710,1.0,0.9977584859650974,1.0000000000000002,0.0,0.0,0.0,0.177254,0.582743,0.7108834700000011,1.8421052631578947,2.6333333333333333,3,0.0,1320.4561403508771
Fixed-5,churn:20-cycles/cycle-10,parallel-first-valid,1710,1710,1.0,0.9977584859650974,1.0000000000000002,0.0,0.0,0.0,0.11196,0.169019,0.178823,5.0,2.1,3,0.0,1331.487134502924
Fixed-5,churn:20-cycles/cycle-10,sequential,1710,1710,1.0,0.9977584859650974,1.0000000000000002,0.0,0.0,0.0,0.23392000000000002,0.6350176999999999,0.723135,2.1608187134502925,2.1,3,0.0,1320.4561403508771
Fixed-5,churn:20-cycles/cycle-11,parallel-first-valid,1710,1710,1.0,0.9977584859650974,1.0000000000000002,0.0,0.0,0.0,0.104313,0.162745,0.17639944000000005,5.0,2.6333333333333333,3,0.0,1341.7175438596491
Fixed-5,churn:20-cycles/cycle-11,sequential,1710,1710,1.0,0.9977584859650974,1.0000000000000002,0.0,0.0,0.0,0.177646,0.58221335,0.6930839500000002,1.8421052631578947,2.6333333333333333,3,0.0,1320.4561403508771
Fixed-5,churn:20-cycles/cycle-12,parallel-first-valid,1710,1710,1.0,0.9977584859650974,1.0000000000000002,0.0,0.0,0.0,0.104313,0.162745,0.177647,5.0,2.6333333333333333,3,0.0,1337.772514619883
Fixed-5,churn:20-cycles/cycle-12,sequential,1710,1710,1.0,0.9977584859650974,1.0000000000000002,0.0,0.0,0.0,0.176862,0.5793698999999999,0.7292019700000005,1.8228070175438595,2.6333333333333333,3,0.0,1320.4561403508771
Fixed-5,churn:20-cycles/cycle-13,parallel-first-valid,1710,1710,1.0,0.9977584859650974,1.0000000000000002,0.0,0.0,0.0,0.103921,0.16,0.176862,5.0,2.6333333333333333,3,0.0,1343.3251461988305
Fixed-5,churn:20-cycles/cycle-13,sequential,1710,1710,1.0,0.9977584859650974,1.0000000000000002,0.0,0.0,0.0,0.176862,0.5769384,0.7380092900000007,1.8128654970760234,2.6333333333333333,3,0.0,1320.4561403508771
Fixed-5,churn:20-cycles/cycle-14,parallel-first-valid,1710,1710,1.0,0.9977584859650974,1.0000000000000002,0.0,0.0,0.0,0.1047055,0.16,0.175294,5.0,2.566666666666667,3,0.0,1339.4304093567252
Fixed-5,churn:20-cycles/cycle-14,sequential,1710,1710,1.0,0.9977584859650974,1.0000000000000002,0.0,0.0,0.0,0.177646,0.5269575499999999,0.7102128800000017,1.8064327485380116,2.566666666666667,3,0.0,1320.4561403508771
Fixed-5,churn:20-cycles/cycle-15,parallel-first-valid,1710,1710,1.0,0.9977584859650974,1.0000000000000002,0.0,0.0,0.0,0.104313,0.16160719999999998,0.17525863000000003,5.0,2.566666666666667,3,0.0,1333.8736842105263
Fixed-5,churn:20-cycles/cycle-15,sequential,1710,1710,1.0,0.9977584859650974,1.0000000000000002,0.0,0.0,0.0,0.178823,0.545096,0.6735818800000001,1.8321637426900585,2.566666666666667,3,0.0,1320.4561403508771
Fixed-5,churn:20-cycles/cycle-16,parallel-first-valid,1710,1710,1.0,0.9977584859650974,1.0000000000000002,0.0,0.0,0.0,0.10549,0.162745,0.17647,5.0,2.6333333333333333,3,0.0,1338.5947368421052
Fixed-5,churn:20-cycles/cycle-16,sequential,1710,1710,1.0,0.9977584859650974,1.0000000000000002,0.0,0.0,0.0,0.178823,0.581566,0.697643,1.8660818713450293,2.6333333333333333,3,0.0,1320.4561403508771
Fixed-5,churn:20-cycles/cycle-17,parallel-first-valid,1710,1710,1.0,0.9977584859650974,1.0000000000000002,0.0,0.0,0.0,0.110196,0.169019,0.178823,5.0,2.1,3,0.0,1330.709356725146
Fixed-5,churn:20-cycles/cycle-17,sequential,1710,1710,1.0,0.9977584859650974,1.0000000000000002,0.0,0.0,0.0,0.237646,0.63284055,0.715683,2.1596491228070174,2.1,3,0.0,1320.4561403508771
Fixed-5,churn:20-cycles/cycle-18,parallel-first-valid,1710,1710,1.0,0.9977584859650974,1.0000000000000002,0.0,0.0,0.0,0.104313,0.163921,0.17647,5.0,2.7,3,0.0,1337.0169590643275
Fixed-5,churn:20-cycles/cycle-18,sequential,1710,1710,1.0,0.9977584859650974,1.0000000000000002,0.0,0.0,0.0,0.176862,0.58317475,0.6972549200000003,1.8491228070175438,2.7,3,0.0,1320.4561403508771
Fixed-5,churn:20-cycles/cycle-19,parallel-first-valid,1710,1710,1.0,0.9977584859650974,1.0000000000000002,0.0,0.0,0.0,0.112941,0.169803,0.178823,5.0,2.1,3,0.0,1328.3309941520467
Fixed-5,churn:20-cycles/cycle-19,sequential,1710,1710,1.0,0.9977584859650974,1.0000000000000002,0.0,0.0,0.0,0.234508,0.643527,0.729802,2.150292397660819,2.1,3,0.0,1320.4561403508771
Fixed-5,churn:20-cycles/cycle-2,parallel-first-valid,1710,1710,1.0,0.9977584859650974,1.0000000000000002,0.0,0.0,0.0,0.104313,0.16492115,0.17757635000000005,5.0,2.7,3,0.0,1339.3994152046785
Fixed-5,churn:20-cycles/cycle-2,sequential,1710,1710,1.0,0.9977584859650974,1.0000000000000002,0.0,0.0,0.0,0.176862,0.5825665999999999,0.7108834700000011,1.843859649122807,2.7,3,0.0,1320.4561403508771
Fixed-5,churn:20-cycles/cycle-20,parallel-first-valid,1710,1710,1.0,0.9977584859650974,1.0000000000000002,0.0,0.0,0.0,0.104313,0.166274,0.178039,5.0,2.6333333333333333,3,0.0,1335.4292397660818
Fixed-5,churn:20-cycles/cycle-20,sequential,1710,1710,1.0,0.9977584859650974,1.0000000000000002,0.0,0.0,0.0,0.177058,0.5816449499999999,0.69137,1.8362573099415205,2.6333333333333333,3,0.0,1320.4561403508771
Fixed-5,churn:20-cycles/cycle-3,parallel-first-valid,1710,1710,1.0,0.9977584859650974,1.0000000000000002,0.0,0.0,0.0,0.106274,0.162352,0.17326244000000005,5.0,2.566666666666667,3,0.0,1338.633918128655
Fixed-5,churn:20-cycles/cycle-3,sequential,1710,1710,1.0,0.9977584859650974,1.0000000000000002,0.0,0.0,0.0,0.177646,0.543919,0.657252,1.8257309941520468,2.566666666666667,3,0.0,1320.4561403508771
Fixed-5,churn:20-cycles/cycle-4,parallel-first-valid,1710,1710,1.0,0.9977584859650974,1.0000000000000002,0.0,0.0,0.0,0.104313,0.164313,0.176862,5.0,2.6333333333333333,3,0.0,1337.7970760233918
Fixed-5,churn:20-cycles/cycle-4,sequential,1710,1710,1.0,0.9977584859650974,1.0000000000000002,0.0,0.0,0.0,0.176862,0.582743,0.6972549200000003,1.8350877192982455,2.6333333333333333,3,0.0,1320.4561403508771
Fixed-5,churn:20-cycles/cycle-5,parallel-first-valid,1710,1710,1.0,0.9977584859650974,1.0000000000000002,0.0,0.0,0.0,0.11196,0.169803,0.178823,5.0,2.1,3,0.0,1331.4836257309942
Fixed-5,churn:20-cycles/cycle-5,sequential,1710,1710,1.0,0.9977584859650974,1.0000000000000002,0.0,0.0,0.0,0.242744,0.631762,0.729802,2.1941520467836257,2.1,3,0.0,1320.4561403508771
Fixed-5,churn:20-cycles/cycle-6,parallel-first-valid,1710,1710,1.0,0.9977584859650974,1.0000000000000002,0.0,0.0,0.0,0.104313,0.160784,0.175294,5.0,2.566666666666667,3,0.0,1341.7713450292397
Fixed-5,churn:20-cycles/cycle-6,sequential,1710,1710,1.0,0.9977584859650974,1.0000000000000002,0.0,0.0,0.0,0.179215,0.534507,0.66502435,1.8210526315789475,2.566666666666667,3,0.0,1320.4561403508771
Fixed-5,churn:20-cycles/cycle-7,parallel-first-valid,1710,1710,1.0,0.9977584859650974,1.0000000000000002,0.0,0.0,0.0,0.107058,0.162745,0.175294,5.0,2.566666666666667,3,0.0,1337.819298245614
Fixed-5,churn:20-cycles/cycle-7,sequential,1710,1710,1.0,0.9977584859650974,1.0000000000000002,0.0,0.0,0.0,0.18,0.52531215,0.679213,1.8567251461988303,2.566666666666667,3,0.0,1320.4561403508771
Fixed-5,churn:20-cycles/cycle-8,parallel-first-valid,1710,1710,1.0,0.9977584859650974,1.0000000000000002,0.0,0.0,0.0,0.104313,0.165098,0.17682672000000002,5.0,2.6333333333333333,3,0.0,1337.798245614035
Fixed-5,churn:20-cycles/cycle-8,sequential,1710,1710,1.0,0.9977584859650974,1.0000000000000002,0.0,0.0,0.0,0.176862,0.577644,0.6972549200000003,1.8309941520467836,2.6333333333333333,3,0.0,1320.4561403508771
Fixed-5,churn:20-cycles/cycle-9,parallel-first-valid,1710,1710,1.0,0.9977584859650974,1.0000000000000002,0.0,0.0,0.0,0.104313,0.1641366,0.176862,5.0,2.6333333333333333,3,0.0,1338.6380116959065
Fixed-5,churn:20-cycles/cycle-9,sequential,1710,1710,1.0,0.9977584859650974,1.0000000000000002,0.0,0.0,0.0,0.177254,0.582743,0.7108834700000011,1.8339181286549708,2.6333333333333333,3,0.0,1320.4561403508771
Logarithmic,churn:20-cycles/cycle-1,parallel-first-valid,1615,1710,0.9444444444444444,0.9325577258465336,0.9543387061224419,0.05555555555555558,0.0,0.0,0.094117,0.16884259999999998,0.17839572000000004,8.0,6.966666666666667,11,0.05555555555555555,1357.867492260062
Logarithmic,churn:20-cycles/cycle-1,sequential,1710,1710,1.0,0.9977584859650974,1.0000000000000002,0.0,0.0,0.0,0.174509,1.1592688999999998,1.5473132700000007,2.5625730994152045,6.966666666666667,11,0.0,1320.4561403508771
Logarithmic,churn:20-cycles/cycle-10,parallel-first-valid,1640,1710,0.9590643274853801,0.9485981384647205,0.9674725182400764,0.040935672514619936,0.0,0.0,0.096862,0.16805859999999997,0.177647,8.0,5.9,11,0.04093567251461988,1345.1146341463414
Logarithmic,churn:20-cycles/cycle-10,sequential,1710,1710,1.0,0.9977584859650974,1.0000000000000002,0.0,0.0,0.0,0.223528,1.032406649999999,1.567477100000003,2.6713450292397662,5.9,11,0.0,1320.4561403508771
Logarithmic,churn:20-cycles/cycle-11,parallel-first-valid,1638,1710,0.9578947368421052,0.9473049335257439,0.9664317852001875,0.04210526315789476,0.0,0.0,0.094901,0.167058,0.177254,8.0,6.566666666666666,11,0.042105263157894736,1355.4407814407814
Logarithmic,churn:20-cycles/cycle-11,sequential,1710,1710,1.0,0.9977584859650974,1.0000000000000002,0.0,0.0,0.0,0.179215,1.0450749499999998,1.490581,2.601169590643275,6.566666666666666,11,0.0,1320.4561403508771
Logarithmic,churn:20-cycles/cycle-12,parallel-first-valid,1689,1710,0.987719298245614,0.9812983616712595,0.9919537755157477,0.012280701754386003,0.0,0.0,0.094117,0.152156,0.17443844000000006,8.0,6.566666666666666,10,0.012280701754385965,1350.3362936648905
Logarithmic,churn:20-cycles/cycle-12,sequential,1710,1710,1.0,0.9977584859650974,1.0000000000000002,0.0,0.0,0.0,0.177647,0.7280958999999999,1.180277980000003,2.1157894736842104,6.566666666666666,10,0.0,1320.4561403508771
Logarithmic,churn:20-cycles/cycle-13,parallel-first-valid,1659,1710,0.9701754385964912,0.9609994003097263,0.9772436671942951,0.029824561403508754,0.0,0.0,0.095686,0.15982315,0.17643472000000002,8.0,5.9,11,0.02982456140350877,1350.9023508137432
Logarithmic,churn:20-cycles/cycle-13,sequential,1710,1710,1.0,0.9977584859650974,1.0000000000000002,0.0,0.0,0.0,0.227842,0.90256605,1.36855235,2.491228070175439,5.9,11,0.0,1320.4561403508771
Logarithmic,churn:20-cycles/cycle-14,parallel-first-valid,1645,1710,0.9619883040935673,0.9518402659066634,0.970065235745298,0.03801169590643272,0.0,0.0,0.098039,0.16549,0.177647,8.0,5.3,11,0.038011695906432746,1340.3744680851064
Logarithmic,churn:20-cycles/cycle-14,sequential,1710,1710,1.0,0.9977584859650974,1.0000000000000002,0.0,0.0,0.0,0.259607,1.0070354,1.4985240100000023,2.7467836257309943,5.3,11,0.0,1320.4561403508771
Logarithmic,churn:20-cycles/cycle-15,parallel-first-valid,1556,1710,0.9099415204678363,0.8954383811728861,0.9226068804195505,0.09005847953216373,0.0,0.0,0.098039,0.174509,0.179215,8.0,5.966666666666667,11,0.09005847953216374,1352.8650385604112
Logarithmic,churn:20-cycles/cycle-15,sequential,1710,1710,1.0,0.9977584859650974,1.0000000000000002,0.0,0.0,0.0,0.211568,1.314113,1.6847094900000013,3.1070175438596492,5.966666666666667,11,0.0,1320.4561403508771
Logarithmic,churn:20-cycles/cycle-16,parallel-first-valid,1627,1710,0.9514619883040936,0.940225460256766,0.9606745995854038,0.048538011695906436,0.0,0.0,0.095686,0.170588,0.17839572000000004,8.0,6.166666666666667,11,0.048538011695906436,1348.960049170252
Logarithmic,churn:20-cycles/cycle-16,sequential,1710,1710,1.0,0.9977584859650974,1.0000000000000002,0.0,0.0,0.0,0.223528,1.0828191499999997,1.5071824600000021,2.7111111111111112,6.166666666666667,11,0.0,1320.4561403508771
Logarithmic,churn:20-cycles/cycle-17,parallel-first-valid,1568,1710,0.9169590643274854,0.9029265857162933,0.9291223037493377,0.08304093567251458,0.0,0.0,0.096862,0.17394059999999997,0.178431,8.0,6.033333333333333,11,0.08304093567251462,1349.9260204081634
Logarithmic,churn:20-cycles/cycle-17,sequential,1710,1710,1.0,0.9977584859650974,1.0000000000000002,0.0,0.0,0.0,0.218039,1.33936635,1.6847094900000013,3.0631578947368423,6.033333333333333,11,0.0,1320.4561403508771
Logarithmic,churn:20-cycles/cycle-18,parallel-first-valid,1628,1710,0.952046783625731,0.94086689570938,0.9612001331222227,0.04795321637426897,0.0,0.0,0.095686,0.167058,0.177647,8.0,6.1,11,0.047953216374269005,1356.2045454545455
Logarithmic,churn:20-cycles/cycle-18,sequential,1710,1710,1.0,0.9977584859650974,1.0000000000000002,0.0,0.0,0.0,0.207058,1.0842312499999998,1.5908098200000014,2.5719298245614035,6.1,11,0.0,1320.4561403508771
Logarithmic,churn:20-cycles/cycle-19,parallel-first-valid,1594,1710,0.9321637426900585,0.9192501933360783,0.9431398898548071,0.06783625730994147,0.0,0.0,0.100784,0.171372,0.178431,8.0,5.1,11,0.06783625730994151,1342.3814303638644
Logarithmic,churn:20-cycles/cycle-19,sequential,1710,1710,1.0,0.9977584859650974,1.0000000000000002,0.0,0.0,0.0,0.265882,1.245485,1.613328,3.0812865497076025,5.1,11,0.0,1320.4561403508771
Logarithmic,churn:20-cycles/cycle-2,parallel-first-valid,1684,1710,0.9847953216374269,0.9778142279653075,0.9896030642745355,0.01520467836257311,0.0,0.0,0.091372,0.14413659999999998,0.174901,8.0,8.1,11,0.0152046783625731,1360.7191211401425
Logarithmic,churn:20-cycles/cycle-2,sequential,1710,1710,1.0,0.9977584859650974,1.0000000000000002,0.0,0.0,0.0,0.163921,0.770194,1.1399681100000008,1.9169590643274854,8.1,11,0.0,1320.4561403508771
Logarithmic,churn:20-cycles/cycle-20,parallel-first-valid,1629,1710,0.9526315789473684,0.9415087390539134,0.961725258767122,0.047368421052631615,0.0,0.0,0.094117,0.16570559999999998,0.17761163000000002,8.0,6.833333333333333,10,0.04736842105263158,1357.1375076734193
Logarithmic,churn:20-cycles/cycle-20,sequential,1710,1710,1.0,0.9977584859650974,1.0000000000000002,0.0,0.0,0.0,0.174509,1.0883298499999994,1.5171791700000001,2.44093567251462,6.833333333333333,10,0.0,1320.4561403508771
Logarithmic,churn:20-cycles/cycle-3,parallel-first-valid,1617,1710,0.9456140350877194,0.9338321158088907,0.9553982541389506,0.05438596491228065,0.0,0.0,0.092941,0.1668816,0.177647,8.0,7.166666666666667,11,0.054385964912280704,1357.3995052566481
Logarithmic,churn:20-cycles/cycle-3,sequential,1710,1710,1.0,0.9977584859650974,1.0000000000000002,0.0,0.0,0.0,0.17098,1.1559362499999999,1.5965497900000012,2.3456140350877193,7.166666666666667,11,0.0,1320.4561403508771
Logarithmic,churn:20-cycles/cycle-4,parallel-first-valid,1676,1710,0.9801169590643275,0.9723444914787924,0.9857370488455877,0.019883040935672502,0.0,0.0,0.095882,0.153725,0.175686,8.0,5.766666666666667,9,0.019883040935672516,1343.6223150357996
Logarithmic,churn:20-cycles/cycle-4,sequential,1710,1710,1.0,0.9977584859650974,1.0000000000000002,0.0,0.0,0.0,0.233332,0.8209966,1.2361920600000011,2.405263157894737,5.766666666666667,9,0.0,1320.4561403508771
Logarithmic,churn:20-cycles/cycle-5,parallel-first-valid,1560,1710,0.9122807017543859,0.8979315794913598,0.9247815580588081,0.08771929824561409,0.0,0.0,0.095686,0.174117,0.178431,8.0,6.3,11,0.08771929824561403,1358.4076923076923
Logarithmic,churn:20-cycles/cycle-5,sequential,1710,1710,1.0,0.9977584859650974,1.0000000000000002,0.0,0.0,0.0,0.207842,1.36813255,1.713778900000002,3.0514619883040934,6.3,11,0.0,1320.4561403508771
Logarithmic,churn:20-cycles/cycle-6,parallel-first-valid,1640,1710,0.9590643274853801,0.9485981384647205,0.9674725182400764,0.040935672514619936,0.0,0.0,0.091764,0.160784,0.176862,8.0,7.566666666666666,11,0.04093567251461988,1364.628048780488
Logarithmic,churn:20-cycles/cycle-6,sequential,1710,1710,1.0,0.9977584859650974,1.0000000000000002,0.0,0.0,0.0,0.168235,0.98548655,1.570149720000003,2.1713450292397662,7.566666666666666,11,0.0,1320.4561403508771
Logarithmic,churn:20-cycles/cycle-7,parallel-first-valid,1644,1710,0.9614035087719298,0.9511907547358158,0.9695477779267127,0.038596491228070184,0.0,0.0,0.098039,0.162745,0.176862,8.0,5.3,11,0.03859649122807018,1341.8795620437957
Logarithmic,churn:20-cycles/cycle-7,sequential,1710,1710,1.0,0.9977584859650974,1.0000000000000002,0.0,0.0,0.0,0.258039,1.01137,1.5641866700000018,2.7514619883040936,5.3,11,0.0,1320.4561403508771
Logarithmic,churn:20-cycles/cycle-8,parallel-first-valid,1634,1710,0.9555555555555556,0.9447243307144102,0.9643445120537898,0.0444444444444444,0.0,0.0,0.094509,0.169019,0.17800372000000003,8.0,6.433333333333334,11,0.044444444444444446,1350.5605875152999
Logarithmic,churn:20-cycles/cycle-8,sequential,1710,1710,1.0,0.9977584859650974,1.0000000000000002,0.0,0.0,0.0,0.179215,1.0510354499999999,1.5345907000000014,2.553216374269006,6.433333333333334,11,0.0,1320.4561403508771
Logarithmic,churn:20-cycles/cycle-9,parallel-first-valid,1672,1710,0.9777777777777777,0.9696462778882953,0.9837673864783533,0.022222222222222254,0.0,0.0,0.095686,0.1578626,0.17561535000000006,8.0,5.766666666666667,9,0.022222222222222223,1345.674043062201
Logarithmic,churn:20-cycles/cycle-9,sequential,1710,1710,1.0,0.9977584859650974,1.0000000000000002,0.0,0.0,0.0,0.235881,0.883918,1.3120852700000003,2.491228070175439,5.766666666666667,9,0.0,1320.4561403508771
