policy,scenario,objects_requiring_repair,replicas_recreated,recovery_success_rate,recovery_time_p50_ms,recovery_time_p95_ms,total_recovery_time_ms,bytes_transferred,failed_repair_attempts,unrecoverable_objects
fixed3,churn:20-cycles/cycle-1,57,2793,1.0,0.151086,0.1624624,430.931897,3688034,0,0
fixed3,churn:20-cycles/cycle-10,57,2793,1.0,0.151087,0.1618784,430.540744,3688034,0,0
fixed3,churn:20-cycles/cycle-11,57,2793,1.0,0.151087,0.16170340000000002,429.402056,3688034,0,0
fixed3,churn:20-cycles/cycle-12,57,2793,1.0,0.151087,0.161004,428.744934,3688034,0,0
fixed3,churn:20-cycles/cycle-13,57,2793,1.0,0.151086,0.16141240000000004,427.628105,3688034,0,0
fixed3,churn:20-cycles/cycle-14,57,2337,1.0,0.151086,0.1610032,357.279406,3085906,0,0
fixed3,churn:20-cycles/cycle-15,57,2337,1.0,0.151087,0.1604202,358.69546,3085906,0,0
fixed3,churn:20-cycles/cycle-16,57,2793,1.0,0.151087,0.161295,430.126552,3688034,0,0
fixed3,churn:20-cycles/cycle-17,57,2793,1.0,0.151379,0.163046,430.620938,3688034,0,0
fixed3,churn:20-cycles/cycle-18,57,2337,1.0,0.150795,0.161004,356.67593800000003,3085906,0,0
fixed3,churn:20-cycles/cycle-19,57,2793,1.0,0.151087,0.16217,429.063416,3688034,0,0
fixed3,churn:20-cycles/cycle-2,57,2337,1.0,0.151087,0.163337,360.148587,3085906,0,0
fixed3,churn:20-cycles/cycle-20,57,2793,1.0,0.151379,0.16316240000000004,428.894533,3688034,0,0
fixed3,churn:20-cycles/cycle-3,57,2337,1.0,0.151086,0.161004,359.618607,3085906,0,0
fixed3,churn:20-cycles/cycle-4,57,2793,1.0,0.151087,0.16217,429.930302,3688034,0,0
fixed3,churn:20-cycles/cycle-5,57,2793,1.0,0.151378,0.16199540000000004,429.560136,3688034,0,0
fixed3,churn:20-cycles/cycle-6,57,2337,1.0,0.151086,0.162754,358.64942,3085906,0,0
fixed3,churn:20-cycles/cycle-7,57,2337,1.0,0.151087,0.16217,357.317028,3085906,0,0
fixed3,churn:20-cycles/cycle-8,57,2793,1.0,0.151087,0.161587,430.414427,3688034,0,0
fixed3,churn:20-cycles/cycle-9,57,2793,1.0,0.151378,0.16199540000000004,429.614106,3688034,0,0
fixed3,correlated:largest-provider,57,3420,1.0,0.149921,0.161004,523.5291110000001,4515960,0,0
fixed3,correlated:placement-hotspot,57,1710,1.0,0.14992,0.16087259999999998,260.36800900000003,2257980,0,0
fixed3,correlated:single-rack,57,1710,1.0,0.150211,0.160129,260.746563,2257980,0,0
fixed3,correlated:two-racks,57,3420,1.0,0.150795,0.16187805,524.255396,4515960,0,0
fixed3,corruption:single-corrupt,57,1710,1.0,0.183171,0.194255,317.669289,2257980,0,0
fixed3,external-source recovery,57,5130,1.0,0.120169,0.131253,630.009858,6773940,0,0
fixed3,independent:fail-1,57,1710,1.0,0.150212,0.16116404999999998,261.11119,2257980,0,0
fixed3,independent:fail-2,57,3420,1.0,0.151086,0.16158705,523.380084,4515960,0,0
fixed3,independent:fail-25pct,57,1710,1.0,0.150503,0.161295,261.938669,2257980,0,0
fixed3,independent:fail-3,57,5130,0.0,0.000292,0.000292,1.262902,0,5130,5130
fixed3,independent:fail-50pct,57,3420,1.0,0.151087,0.161295,524.490763,4515960,0,0
fixed3,independent:fail-75pct,57,3420,1.0,0.151087,0.161587,525.283547,4515960,0,0
fixed3,progressive:until-loss,57,5130,0.0,0.000292,0.000583,1.521369,0,5130,5130
fixed5,churn:20-cycles/cycle-1,57,4047,1.0,0.15167,0.1627537,623.384429,5343886,0,0
fixed5,churn:20-cycles/cycle-10,57,4959,1.0,0.15167,0.162462,766.196142,6548142,0,0
fixed5,churn:20-cycles/cycle-11,57,4047,1.0,0.15167,0.1630457,625.16712,5343886,0,0
fixed5,churn:20-cycles/cycle-12,57,4047,1.0,0.15167,0.163629,626.060754,5343886,0,0
fixed5,churn:20-cycles/cycle-13,57,4047,1.0,0.151671,0.16266599999999995,625.288666,5343886,0,0
fixed5,churn:20-cycles/cycle-14,57,4161,1.0,0.15167,0.162462,641.697385,5494418,0,0
fixed5,churn:20-cycles/cycle-15,57,4161,1.0,0.15167,0.162171,640.7969870000001,5494418,0,0
fixed5,churn:20-cycles/cycle-16,57,4047,1.0,0.15167,0.162754,622.93788,5343886,0,0
fixed5,churn:20-cycles/cycle-17,57,4959,1.0,0.15167,0.162462,765.259258,6548142,0,0
fixed5,churn:20-cycles/cycle-18,57,3933,1.0,0.15167,0.162462,605.522899,5193354,0,0
fixed5,churn:20-cycles/cycle-19,57,4959,1.0,0.15167,0.1627531,765.010415,6548142,0,0
fixed5,churn:20-cycles/cycle-2,57,3933,1.0,0.15167,0.163045,610.012335,5193354,0,0
fixed5,churn:20-cycles/cycle-20,57,4047,1.0,0.15167,0.163921,625.341238,5343886,0,0
fixed5,churn:20-cycles/cycle-3,57,4161,1.0,0.15167,0.162462,640.844809,5494418,0,0
fixed5,churn:20-cycles/cycle-4,57,4047,1.0,0.15167,0.16383269999999994,625.16917,5343886,0,0
fixed5,churn:20-cycles/cycle-5,57,4959,1.0,0.15167,0.162171,763.969473,6548142,0,0
fixed5,churn:20-cycles/cycle-6,57,4161,1.0,0.15167,0.162754,640.202318,5494418,0,0
fixed5,churn:20-cycles/cycle-7,57,4161,1.0,0.151671,0.162754,644.063145,5494418,0,0
fixed5,churn:20-cycles/cycle-8,57,4047,1.0,0.151671,0.16295769999999996,624.521306,5343886,0,0
fixed5,churn:20-cycles/cycle-9,57,4047,1.0,0.15167,0.16208269999999994,623.112506,5343886,0,0
fixed5,correlated:largest-provider,57,5130,1.0,0.150504,0.161587,784.276914,6773940,0,0
fixed5,correlated:placement-hotspot,57,3420,1.0,0.151378,0.161878,525.490039,4515960,0,0
fixed5,correlated:single-rack,57,3078,1.0,0.15167,0.161879,473.912566,4064364,0,0
fixed5,correlated:two-racks,57,5814,1.0,0.151379,0.16227284999999986,895.517616,7677132,0,0
fixed5,corruption:single-corrupt,57,1710,1.0,0.184338,0.19441504999999998,319.160078,2257980,0,0
fixed5,external-source recovery,57,8550,1.0,0.119586,0.129211,1044.635754,11289900,0,0
fixed5,independent:fail-1,57,1710,1.0,0.151378,0.161295,262.459896,2257980,0,0
fixed5,independent:fail-2,57,3420,1.0,0.15167,0.16247654999999991,526.609753,4515960,0,0
fixed5,independent:fail-25pct,57,1710,1.0,0.151378,0.160712,262.91901,2257980,0,0
fixed5,independent:fail-3,57,5130,1.0,0.151671,0.163045,790.330856,6773940,0,0
fixed5,independent:fail-4,57,6840,1.0,0.151378,0.162462,1050.611438,9031920,0,0
fixed5,independent:fail-5,57,8550,0.0,0.000291,0.000292,1.8477890000000001,0,8550,8550
fixed5,independent:fail-50pct,57,3420,1.0,0.15167,0.161879,526.271441,4515960,0,0
fixed5,independent:fail-75pct,57,6840,1.0,0.151378,0.162462,1049.918363,9031920,0,0
fixed5,progressive:until-loss,57,8550,0.0,0.000292,0.000583,2.079946,0,8550,8550
log13,churn:20-cycles/cycle-1,57,10317,1.0,0.151087,0.162171,1588.524002,13623146,0,0
log13,churn:20-cycles/cycle-10,57,12141,1.0,0.150796,0.161296,1863.699144,16031658,0,0
log13,churn:20-cycles/cycle-11,57,11001,1.0,0.151087,0.161879,1691.739885,14526338,0,0
log13,churn:20-cycles/cycle-12,57,11001,1.0,0.151087,0.161879,1693.5631700000001,14526338,0,0
log13,churn:20-cycles/cycle-13,57,12141,1.0,0.150795,0.161295,1859.506347,16031658,0,0
log13,churn:20-cycles/cycle-14,57,13167,1.0,0.150795,0.160712,2019.871207,17386446,0,0
log13,churn:20-cycles/cycle-15,57,12027,1.0,0.151087,0.161879,1850.914993,15881126,0,0
log13,churn:20-cycles/cycle-16,57,11685,1.0,0.151087,0.1621117999999998,1800.985578,15429530,0,0
log13,churn:20-cycles/cycle-17,57,11913,1.0,0.150796,0.160712,1831.232209,15730594,0,0
log13,churn:20-cycles/cycle-18,57,11799,1.0,0.150795,0.16217,1811.000151,15580062,0,0
log13,churn:20-cycles/cycle-19,57,13509,1.0,0.151087,0.162171,2078.04458,17838042,0,0
log13,churn:20-cycles/cycle-2,57,8379,1.0,0.151087,0.161878,1290.497628,11064102,0,0
log13,churn:20-cycles/cycle-20,57,10545,1.0,0.151087,0.161587,1619.601437,13924210,0,0
log13,churn:20-cycles/cycle-3,57,9975,1.0,0.151087,0.161295,1531.469504,13171550,0,0
log13,churn:20-cycles/cycle-4,57,12369,1.0,0.150795,0.161587,1902.072856,16332722,0,0
log13,churn:20-cycles/cycle-5,57,11457,1.0,0.151087,0.161879,1761.905424,15128466,0,0
log13,churn:20-cycles/cycle-6,57,9291,1.0,0.151087,0.16217,1429.478296,12268358,0,0
log13,churn:20-cycles/cycle-7,57,13167,1.0,0.150795,0.161587,2023.1808740000001,17386446,0,0
log13,churn:20-cycles/cycle-8,57,11229,1.0,0.151087,0.161879,1727.1612480000001,14827402,0,0
log13,churn:20-cycles/cycle-9,57,12369,1.0,0.150795,0.161295,1901.276857,16332722,0,0
log13,correlated:largest-provider,57,11970,1.0,0.150211,0.161003,1828.088913,15805860,0,0
log13,correlated:placement-hotspot,57,10260,1.0,0.151086,0.161879,1575.602247,13547880,0,0
log13,correlated:single-rack,57,7581,1.0,0.151087,0.162462,1165.262704,10010378,0,0
log13,correlated:two-racks,57,14649,1.0,0.150796,0.1623455999999996,2250.936279,19343362,0,0
log13,corruption:single-corrupt,57,1710,1.0,0.187255,0.20083104999999998,326.417184,2257980,0,0
log13,external-source recovery,57,22230,1.0,0.119294,0.129503,2713.060212,29353740,0,0
log13,independent:fail-1,57,1710,1.0,0.152253,0.161587,271.853563,2257980,0,0
log13,independent:fail-2,57,3420,1.0,0.152254,0.163045,529.09924,4515960,0,0
log13,independent:fail-25pct,57,5130,1.0,0.15167,0.162462,789.341543,6773940,0,0
log13,independent:fail-3,57,5130,1.0,0.15167,0.162462,791.324076,6773940,0,0
log13,independent:fail-4,57,6840,1.0,0.151962,0.170337,1065.157781,9031920,0,0
log13,independent:fail-5,57,8550,1.0,0.151087,0.162462,1315.4899540000001,11289900,0,0
log13,independent:fail-50pct,57,10260,1.0,0.150795,0.161295,1573.349008,13547880,0,0
log13,independent:fail-75pct,57,17100,1.0,0.150795,0.161587,2626.607931,22579800,0,0
log13,progressive:until-loss,57,22230,0.0,0.000291,0.000292,4.431711,0,22230,22230
