run_number,baseline_duration_seconds,mech_scal_duration_seconds,absolute_difference,overhead_percent
1,3.522727573988959,3.305744882003637,-0.21698269198532216,-6.159508148954644
2,3.369950404012343,3.33712448598817,-0.032825918024173006,-0.9740771847885266
3,3.35345247501391,3.321514728013426,-0.031937747000483796,-0.9523840650328977
4,3.6862758310162462,3.928050806018291,0.2417749750020448,6.558786864720088
5,3.4665325809910428,3.401196649996564,-0.06533593099447899,-1.8847632170761301
6,3.511567248002393,4.290898420003941,0.7793311720015481,22.193257795216145
7,3.5384690680075437,3.760066523012938,0.2215974550053943,6.262523445772901
8,3.496886032022303,3.6196769879898056,0.12279095596750267,3.5114371713307104
9,3.339008623996051,3.7330358249892015,0.3940272009931505,11.800724267719545
10,3.428197307017399,3.931965797994053,0.503768490976654,14.69485113781105
11,3.3504522620060015,3.8793668340076692,0.5289145720016677,15.786363470971915
12,3.3675267979851924,3.832894517981913,0.46536771999672055,13.819272953526378
13,3.2085472919861786,3.783347691001836,0.5748003990156576,17.914661892355664
14,3.917848140001297,4.29633588300203,0.37848774300073273,9.660602695044924
15,3.3394226279924624,3.51532130499254,0.17589867700007744,5.267337998060498
16,3.291121057001874,4.16455166900414,0.8734306120022666,26.538999838490877
17,3.4087678349751513,3.6168399039888754,0.2080720690137241,6.104025826541539
18,3.29564811399905,3.713316955982009,0.41766884198295884,12.67334459066825
19,3.4221874680079054,4.043084038014058,0.6208965700061526,18.14326584415855
20,3.8277084580040537,3.756371806986863,-0.07133665101719089,-1.863690816577738
21,3.6006363360211253,3.9086624390038196,0.3080261029826943,8.55476849747836
22,3.2044265320000704,3.9623599289916456,0.7579333969915751,23.65270008292262
23,3.4924973270099144,4.544359660008922,1.0518623329990078,30.117770595390976
24,3.529874806990847,3.547487422998529,0.017612616007681936,0.4989586591796542
25,3.385390618990641,4.4294245800119825,1.0440339610213414,30.839394283328566
26,3.6517526420066133,4.093645360000664,0.44189271799405105,12.10083927675983
27,3.2160801110148896,3.4793805470108055,0.2633004359959159,8.186998672518357
28,3.4888674289977644,3.989584626018768,0.5007171970210038,14.35185507076843
29,3.5978161949897185,4.31064741400769,0.7128312190179713,19.812885939272068
30,3.4964729899947997,3.7858539879962336,0.2893809980014339,8.276368753011997
