run_number,system,mean_block_time_ms,median_block_time_ms,p95_block_time_ms,p99_block_time_ms,minimum_block_time_ms,maximum_block_time_ms,blocks_processed
1,baseline,24.908426385497606,23.381381513900124,31.817783942096867,36.54923372145275,0.0,0.0,140
1,mech_scal,23.389015512657352,23.180853502708487,30.82413311494746,32.86631364841014,0.0,0.0,140
2,baseline,23.860228921278445,22.371745508280583,31.450064091768578,35.43910252134081,0.0,0.0,140
2,mech_scal,23.615018185435993,23.45094048359897,31.37161659251433,33.3147176305647,0.0,0.0,140
3,baseline,23.620024785798574,23.838282999349758,31.507241877261546,34.42232723144116,0.0,0.0,140
3,mech_scal,23.481648548788925,22.51451599295251,37.223495352372964,41.56295345863327,0.0,0.0,140
4,baseline,25.96810880079699,24.825598506140523,33.113666270219255,34.79743942792992,0.0,0.0,140
4,mech_scal,27.727880048873235,27.47910599282477,36.2380092148669,40.14209449349432,0.0,0.0,140
5,baseline,24.53542413609934,22.960044007049873,31.087659098557197,38.21364408999203,0.0,0.0,140
5,mech_scal,24.043159129256047,23.95217350567691,31.299820962885853,33.846253809169866,0.0,0.0,140
6,baseline,24.870871657081548,26.69041248736903,31.52868240576936,34.75946203194325,0.0,0.0,140
6,mech_scal,30.234846530116297,28.37716499925591,37.40879546239737,46.24672952486435,0.0,0.0,140
7,baseline,25.059754470463044,22.745073001715355,30.228596611414105,31.516467859037217,0.0,0.0,140
7,mech_scal,26.634718264020712,24.97331949416548,35.83400949719362,39.991434330877325,0.0,0.0,140
8,baseline,24.758901486347895,24.262652499601245,31.037930952152234,32.53677557484479,0.0,0.0,140
8,mech_scal,25.634725542373157,24.54105400829576,33.67714534833792,36.63800114620243,0.0,0.0,140
9,baseline,23.635703780122903,22.263074992224574,30.900927542825226,31.684120119898573,0.0,0.0,140
9,mech_scal,26.422574663592968,24.960624490631744,35.33398375584511,36.515134458022644,0.0,0.0,140
10,baseline,24.284549499861896,22.871505498187616,29.623025706678153,31.33172901783836,0.0,0.0,140
10,mech_scal,27.84674905020178,24.911766493460163,39.010944611800255,58.520865302125415,0.0,0.0,140
11,baseline,23.56248791391928,24.0799100138247,34.3265042087296,35.726734463532914,0.0,0.0,140
11,mech_scal,27.469560929707118,27.18201199604664,36.25477648893138,38.489577447762706,0.0,0.0,140
12,baseline,23.829323558727214,22.45673950528726,32.540389451605726,39.23198806442079,0.0,0.0,140
12,mech_scal,27.088056098727975,27.772357003414072,34.66478355694562,39.85642607760379,0.0,0.0,140
13,baseline,22.69445574285263,22.052184503991157,30.696945398813106,36.086783749924436,0.0,0.0,140
13,mech_scal,26.749096543894016,25.152098503895104,35.94956009765155,38.40267031278925,0.0,0.0,140
14,baseline,27.667427536341297,27.148899491294287,34.96750576014164,37.57734345679636,0.0,0.0,140
14,mech_scal,30.339458441137268,29.42016599990893,37.29108340048697,46.9316719510243,0.0,0.0,140
15,baseline,23.64048614316354,22.44973200140521,31.40674309688619,34.6412855037488,0.0,0.0,140
15,mech_scal,24.886767485544883,23.84597600030247,32.84039284044408,53.465276232745914,0.0,0.0,140
16,baseline,23.297627093519885,22.542336999322288,31.35267864417983,34.77495318249563,0.0,0.0,140
16,mech_scal,29.44273143553541,28.71737099485472,38.59890038875164,45.624979860731386,0.0,0.0,140
17,baseline,24.098956055448593,22.965991505770944,33.537314891873386,34.98118400166277,0.0,0.0,140
17,mech_scal,25.61977142114691,24.281587000587024,31.726571533363305,36.68946888967183,0.0,0.0,140
18,baseline,23.327667294402737,22.513894000439905,29.85442965873516,31.946116227772997,0.0,0.0,140
18,mech_scal,26.28370720007557,26.09142300207168,32.941142868367024,34.17605375958373,0.0,0.0,140
19,baseline,24.225280134955288,22.15513250848744,31.609940800990444,33.34462625993182,0.0,0.0,140
19,mech_scal,28.586557921413,28.51902499969583,37.25818108650854,44.80168228270485,0.0,0.0,140
20,baseline,27.067592720517755,26.647059494280256,35.646009191987105,37.44435760687338,0.0,0.0,140
20,mech_scal,26.574274778457557,26.721434493083507,33.99224405147833,36.726140085665975,0.0,0.0,140
21,baseline,25.494937756697517,22.85018900875002,32.3923371528508,36.700769399176295,0.0,0.0,140
21,mech_scal,27.60115521211576,28.0036324984394,34.74137680605053,39.54769114701775,0.0,0.0,140
22,baseline,22.66287808535188,21.96393501071725,30.830653401790183,34.228979915205834,0.0,0.0,140
22,mech_scal,28.033205715265854,27.996775505016558,37.34374873019988,44.663044975022736,0.0,0.0,140
23,baseline,24.725362150430946,25.135014002444223,30.064495628175784,34.06817449984373,0.0,0.0,140
23,mech_scal,32.123132435455254,30.862470986903645,38.79559713677731,50.83914716233252,0.0,0.0,140
24,baseline,24.99717351519004,26.18241449818015,30.733228744065855,32.484382312104565,0.0,0.0,140
24,mech_scal,25.11723190795497,24.003753496799618,31.498216159525313,35.86576418456388,0.0,0.0,140
25,baseline,23.968097894144844,22.67546900839079,30.91321935207815,33.108416790782904,0.0,0.0,140
25,mech_scal,31.24010566347611,30.30624450184405,38.25372067803983,49.50788423127945,0.0,0.0,140
26,baseline,25.836289070347057,25.78471298329532,31.030644559359637,33.736324171186425,0.0,0.0,140
26,mech_scal,29.002903450288745,28.92297849757597,35.48112296412,37.57578265678603,0.0,0.0,140
27,baseline,22.757097457984596,22.08920150587801,31.883949483744797,35.21788597659906,0.0,0.0,140
27,mech_scal,24.62631256473417,23.824953008443117,31.77915065025444,43.224548650323385,0.0,0.0,140
28,baseline,24.680721405768836,24.62924300925806,34.754093483206816,40.03563502803444,0.0,0.0,140
28,mech_scal,28.276940065760368,28.47438100434374,34.131310295197174,38.25662655464839,0.0,0.0,140
29,baseline,25.478529506238246,26.527018504566513,31.709948254865587,34.390858298283995,0.0,0.0,140
29,mech_scal,30.54513041466375,29.537092515965924,40.70530362223506,66.40450044826115,0.0,0.0,140
30,baseline,24.75799123619384,25.784851983189583,30.010609146847855,31.64827120112021,0.0,0.0,140
30,mech_scal,26.819633692295092,27.009153011022136,32.880388345802196,36.51609893946441,0.0,0.0,140
