run_number,system,start_timestamp,end_timestamp,duration_seconds,blocks_processed,transactions_processed,inputs_processed,outputs_processed,spends_processed,blocks_per_second,transactions_per_second,outputs_per_second,mean_block_time_ms,median_block_time_ms,p95_block_time_ms,p99_block_time_ms,minimum_block_time_ms,maximum_block_time_ms,rpc_reads,rpc_errors,retries,sqlite_size_bytes,sqlite_pages,sqlite_page_size,peak_rss_kib,mean_rss_kib,process_cpu_seconds,approximate_cpu_percent,system_load_start,system_load_end,available_memory_start_kib,available_memory_end_kib,temperature_start_c,temperature_end_c,validation_status,classification_time_seconds,transition_persistence_time_seconds,classification_time_per_output_us,MH_to_ML_transitions,MH_to_IM_transitions,ML_to_IM_transitions,same_block_spends,final_MH,final_ML,final_IM,transition_rows,snapshot_rows
1,baseline,2026-07-31T14:25:28-0500,2026-07-31T14:25:28-0500,3.522727573988959,140,148,57,362,57,39.74193208516294,42.01289963288653,102.76128153449272,24.908426385497606,23.381381513900124,31.817783942096867,36.54923372145275,0.0,0.0,282,0,0,401408,98,4096,22224,22224,0.28,65.1,1.1884765625,1.1884765625,13201552,13201552,58.23,58.23,PASS,0.0,0.0,0.0,0,0,0,0,0,0,0,0,0
1,mech_scal,2026-07-31T14:25:28-0500,2026-07-31T14:25:28-0500,3.305744882003637,140,148,57,362,57,42.35051554103744,44.77054500052529,109.50633304182537,23.389015512657352,23.180853502708487,30.82413311494746,32.86631364841014,0.0,0.0,282,0,0,634880,155,4096,22868,22868,0.59,64.1,1.1884765625,1.1884765625,13200220,13200220,59.153,59.153,PASS,0.011115728411823511,0.04874934913823381,30.70643207686053,266,46,11,5,50,255,57,0,0
2,baseline,2026-07-31T14:25:29-0500,2026-07-31T14:25:29-0500,3.369950404012343,140,148,57,362,57,41.54363810022625,43.91756027738203,107.4199785162993,23.860228921278445,22.371745508280583,31.450064091768578,35.43910252134081,0.0,0.0,282,0,0,401408,98,4096,22220,22220,0.67,59.8,1.17333984375,1.17333984375,13197120,13197120,59.153,59.153,PASS,0.0,0.0,0.0,0,0,0,0,0,0,0,0,0
2,mech_scal,2026-07-31T14:25:29-0500,2026-07-31T14:25:29-0500,3.33712448598817,140,148,57,362,57,41.95228574415737,44.34955921525208,108.47662456703549,23.615018185435993,23.45094048359897,31.37161659251433,33.3147176305647,0.0,0.0,282,0,0,634880,155,4096,22608,22608,0.99,61.1,1.17333984375,1.17333984375,13198692,13198692,59.153,59.153,PASS,0.011251325078774244,0.048754300631117076,31.081008504901227,266,46,11,5,50,255,57,0,0
3,baseline,2026-07-31T14:25:29-0500,2026-07-31T14:25:29-0500,3.35345247501391,140,148,57,362,57,41.74801970301347,44.13362082889996,107.94845094636341,23.620024785798574,23.838282999349758,31.507241877261546,34.42232723144116,0.0,0.0,282,0,0,401408,98,4096,22208,22208,1.23,60.8,1.17333984375,1.17333984375,13195316,13195316,59.153,59.153,PASS,0.0,0.0,0.0,0,0,0,0,0,0,0,0,0
3,mech_scal,2026-07-31T14:25:30-0500,2026-07-31T14:25:30-0500,3.321514728013426,140,148,57,362,57,42.149444293969154,44.557983967910246,108.98642024583452,23.481648548788925,22.51451599295251,37.223495352372964,41.56295345863327,0.0,0.0,282,0,0,634880,155,4096,22604,22604,1.55,62.5,1.17333984375,1.17333984375,13194484,13194484,58.23,58.23,PASS,0.015406292979605496,0.06122630840400234,42.55882038565054,266,46,11,5,50,255,57,0,0
4,baseline,2026-07-31T14:25:30-0500,2026-07-31T14:25:30-0500,3.6862758310162462,140,148,57,362,57,37.978709792154724,40.14892178027785,98.2020924625715,25.96810880079699,24.825598506140523,33.113666270219255,34.79743942792992,0.0,0.0,282,0,0,401408,98,4096,22212,22212,1.62,59.7,1.17333984375,1.17333984375,13192000,13192000,59.153,59.153,PASS,0.0,0.0,0.0,0,0,0,0,0,0,0,0,0
4,mech_scal,2026-07-31T14:25:31-0500,2026-07-31T14:25:31-0500,3.928050806018291,140,148,57,362,57,35.641086868199764,37.67772040352546,92.15766747348795,27.727880048873235,27.47910599282477,36.2380092148669,40.14209449349432,0.0,0.0,282,0,0,634880,155,4096,22612,22612,1.94,60.8,1.17333984375,1.17333984375,13192728,13192728,59.153,59.153,PASS,0.022343163553159684,0.0964830664161127,61.72144627944664,266,46,11,5,50,255,57,0,0
5,baseline,2026-07-31T14:25:31-0500,2026-07-31T14:25:31-0500,3.4665325809910428,140,148,57,362,57,40.38617746381474,42.69395903317558,104.42711601357811,24.53542413609934,22.960044007049873,31.087659098557197,38.21364408999203,0.0,0.0,282,0,0,401408,98,4096,22200,22200,2.01,58.9,1.17333984375,1.17333984375,13188828,13188828,59.153,59.153,PASS,0.0,0.0,0.0,0,0,0,0,0,0,0,0,0
5,mech_scal,2026-07-31T14:25:31-0500,2026-07-31T14:25:31-0500,3.401196649996564,140,148,57,362,57,41.161983386094846,43.51409672244312,106.43312846975952,24.043159129256047,23.95217350567691,31.299820962885853,33.846253809169866,0.0,0.0,282,0,0,634880,155,4096,22604,22604,2.34,60.1,1.17333984375,1.17333984375,13187240,13187240,59.153,59.153,PASS,0.012308675999520347,0.056105643074261025,34.00186740198991,266,46,11,5,50,255,57,0,0
6,baseline,2026-07-31T14:25:32-0500,2026-07-31T14:25:32-0500,3.511567248002393,140,148,57,362,57,39.86823834276307,42.14642339092096,103.08787342914451,24.870871657081548,26.69041248736903,31.52868240576936,34.75946203194325,0.0,0.0,282,0,0,401408,98,4096,22224,22224,2.41,58.9,1.17333984375,1.17333984375,13185088,13185088,59.153,59.153,PASS,0.0,0.0,0.0,0,0,0,0,0,0,0,0,0
6,mech_scal,2026-07-31T14:25:32-0500,2026-07-31T14:25:32-0500,4.290898420003941,140,148,57,362,57,32.62719978345966,34.491611199657356,84.3646165829457,30.234846530116297,28.37716499925591,37.40879546239737,46.24672952486435,0.0,0.0,282,0,0,634880,155,4096,22868,22868,2.8,60.2,1.17333984375,1.17333984375,13186020,13186020,59.153,59.153,PASS,0.03344836755422875,0.14498793202801608,92.39880539842197,266,46,11,5,50,255,57,0,0
7,baseline,2026-07-31T14:25:33-0500,2026-07-31T14:25:33-0500,3.5384690680075437,140,148,57,362,57,39.565133200057,41.825997954345965,102.30413013157595,25.059754470463044,22.745073001715355,30.228596611414105,31.516467859037217,0.0,0.0,282,0,0,401408,98,4096,22220,22220,2.88,59.0,1.17333984375,1.17333984375,13180908,13180908,59.153,59.153,PASS,0.0,0.0,0.0,0,0,0,0,0,0,0,0,0
7,mech_scal,2026-07-31T14:25:33-0500,2026-07-31T14:25:33-0500,3.760066523012938,140,148,57,362,57,37.23338380934232,39.36100574130474,96.27489242129943,26.634718264020712,24.97331949416548,35.83400949719362,39.991434330877325,0.0,0.0,282,0,0,634880,155,4096,22604,22604,3.2,59.7,1.17333984375,1.17333984375,13179424,13179424,59.153,59.153,PASS,0.010966942936647683,0.048107345995958894,30.295422476927303,266,46,11,5,50,255,57,0,0
8,baseline,2026-07-31T14:25:33-0500,2026-07-31T14:25:33-0500,3.496886032022303,140,148,57,362,57,40.03561989666442,42.323369605045244,103.52067430423229,24.758901486347895,24.262652499601245,31.037930952152234,32.53677557484479,0.0,0.0,282,0,0,401408,98,4096,22204,22204,3.27,58.7,1.17333984375,1.17333984375,13174204,13174204,59.153,59.153,PASS,0.0,0.0,0.0,0,0,0,0,0,0,0,0,0
8,mech_scal,2026-07-31T14:25:33-0500,2026-07-31T14:25:33-0500,3.6196769879898056,140,148,57,362,57,38.67748433479675,40.887626296785136,100.00892377997447,25.634725542373157,24.54105400829576,33.67714534833792,36.63800114620243,0.0,0.0,282,0,0,634880,155,4096,22600,22600,3.59,59.5,1.17333984375,1.17333984375,13173628,13173628,59.153,59.153,PASS,0.010851427359739318,0.048511862551094964,29.976318673313035,266,46,11,5,50,255,57,0,0
9,baseline,2026-07-31T14:25:34-0500,2026-07-31T14:25:34-0500,3.339008623996051,140,148,57,362,57,41.92861288044567,44.324533616471136,108.41541330515237,23.635703780122903,22.263074992224574,30.900927542825226,31.684120119898573,0.0,0.0,282,0,0,401408,98,4096,22220,22220,3.67,58.8,1.1591796875,1.1591796875,13172940,13172940,59.153,59.153,PASS,0.0,0.0,0.0,0,0,0,0,0,0,0,0,0
9,mech_scal,2026-07-31T14:25:34-0500,2026-07-31T14:25:34-0500,3.7330358249892015,140,148,57,362,57,37.50298860322482,39.6460165234091,96.97201338833847,26.422574663592968,24.960624490631744,35.33398375584511,36.515134458022644,0.0,0.0,282,0,0,634880,155,4096,22604,22604,3.99,59.4,1.1591796875,1.1591796875,13171628,13171628,59.153,59.153,PASS,0.011687652469845489,0.051304944790899754,32.286332789628425,266,46,11,5,50,255,57,0,0
10,baseline,2026-07-31T14:25:35-0500,2026-07-31T14:25:35-0500,3.428197307017399,140,148,57,362,57,40.83778950337104,43.17137747499224,105.5948557158594,24.284549499861896,22.871505498187616,29.623025706678153,31.33172901783836,0.0,0.0,282,0,0,401408,98,4096,22224,22224,4.07,58.7,1.1591796875,1.1591796875,13167832,13167832,59.153,59.153,PASS,0.0,0.0,0.0,0,0,0,0,0,0,0,0,0
10,mech_scal,2026-07-31T14:25:35-0500,2026-07-31T14:25:35-0500,3.931965797994053,140,148,57,362,57,35.605599639605956,37.64020533329773,92.06590763955255,27.84674905020178,24.911766493460163,39.010944611800255,58.520865302125415,0.0,0.0,282,0,0,634880,155,4096,22604,22604,4.39,59.1,1.1591796875,1.1591796875,13166244,13166244,59.153,59.153,PASS,0.014080628112424165,0.06545173857011832,38.89676274150322,266,46,11,5,50,255,57,0,0
11,baseline,2026-07-31T14:25:35-0500,2026-07-31T14:25:35-0500,3.3504522620060015,140,148,57,362,57,41.78540359687991,44.17314094527305,108.04511501478947,23.56248791391928,24.0799100138247,34.3265042087296,35.726734463532914,0.0,0.0,282,0,0,401408,98,4096,22224,22224,4.46,58.3,1.1591796875,1.1591796875,13163428,13163428,59.153,59.153,PASS,0.0,0.0,0.0,0,0,0,0,0,0,0,0,0
11,mech_scal,2026-07-31T14:25:35-0500,2026-07-31T14:25:35-0500,3.8793668340076692,140,148,57,362,57,36.088363382580596,38.15055557587092,93.31419674638698,27.469560929707118,27.18201199604664,36.25477648893138,38.489577447762706,0.0,0.0,282,0,0,634880,155,4096,22588,22588,4.78,58.7,1.1591796875,1.1591796875,13161856,13161856,59.153,59.153,PASS,0.011744233896024525,0.0521927829249762,32.442635071890955,266,46,11,5,50,255,57,0,0
12,baseline,2026-07-31T14:25:36-0500,2026-07-31T14:25:36-0500,3.3675267979851924,140,148,57,362,57,41.573537019441886,43.94916770626714,107.4972885788426,23.829323558727214,22.45673950528726,32.540389451605726,39.23198806442079,0.0,0.0,282,0,0,401408,98,4096,22224,22224,4.86,58.2,1.1591796875,1.1591796875,13158756,13158756,59.153,59.153,PASS,0.0,0.0,0.0,0,0,0,0,0,0,0,0,0
12,mech_scal,2026-07-31T14:25:36-0500,2026-07-31T14:25:36-0500,3.832894517981913,140,148,57,362,57,36.52592038293621,38.613115833389706,94.44559413302076,27.088056098727975,27.772357003414072,34.66478355694562,39.85642607760379,0.0,0.0,282,0,0,634880,155,4096,22608,22608,5.23,59.0,1.1591796875,1.1591796875,13158680,13158680,59.153,59.153,PASS,0.01924168277764693,0.08805005642352626,53.15381982775395,266,46,11,5,50,255,57,0,0
13,baseline,2026-07-31T14:25:37-0500,2026-07-31T14:25:37-0500,3.2085472919861786,140,148,57,362,57,43.633453790651835,46.12679400726051,112.8236448015426,22.69445574285263,22.052184503991157,30.696945398813106,36.086783749924436,0.0,0.0,282,0,0,401408,98,4096,22216,22216,5.31,58.4,1.1591796875,1.1591796875,13153900,13153900,60.076,60.076,PASS,0.0,0.0,0.0,0,0,0,0,0,0,0,0,0
13,mech_scal,2026-07-31T14:25:37-0500,2026-07-31T14:25:37-0500,3.783347691001836,140,148,57,362,57,37.0042648559556,39.118794276295915,95.68245627039947,26.749096543894016,25.152098503895104,35.94956009765155,38.40267031278925,0.0,0.0,282,0,0,634880,155,4096,22872,22872,5.63,58.8,1.1591796875,1.1591796875,13153320,13153320,60.076,60.076,PASS,0.01746193863800727,0.07504723372403532,48.23739955250627,266,46,11,5,50,255,57,0,0
14,baseline,2026-07-31T14:25:37-0500,2026-07-31T14:25:37-0500,3.917848140001297,140,148,57,362,57,35.73390162078963,37.77583885626333,92.39765990518463,27.667427536341297,27.148899491294287,34.96750576014164,37.57734345679636,0.0,0.0,282,0,0,401408,98,4096,22224,22224,5.71,58.4,1.1591796875,1.1591796875,13150504,13150504,59.153,59.153,PASS,0.0,0.0,0.0,0,0,0,0,0,0,0,0,0
14,mech_scal,2026-07-31T14:25:38-0500,2026-07-31T14:25:38-0500,4.29633588300203,140,148,57,362,57,32.58590664521698,34.44795845351509,84.25784432548961,30.339458441137268,29.42016599990893,37.29108340048697,46.9316719510243,0.0,0.0,282,0,0,634880,155,4096,22868,22868,6.03,58.7,1.1591796875,1.1591796875,13149176,13149176,59.153,59.153,PASS,0.02726226020604372,0.12127845568466,75.31011106641913,266,46,11,5,50,255,57,0,0
15,baseline,2026-07-31T14:25:38-0500,2026-07-31T14:25:38-0500,3.3394226279924624,140,148,57,362,57,41.923414792263905,44.319038494678985,108.40197253428238,23.64048614316354,22.44973200140521,31.40674309688619,34.6412855037488,0.0,0.0,282,0,0,401408,98,4096,22224,22224,6.29,58.8,1.1591796875,1.1591796875,13144824,13144824,59.153,59.153,PASS,0.0,0.0,0.0,0,0,0,0,0,0,0,0,0
15,mech_scal,2026-07-31T14:25:39-0500,2026-07-31T14:25:39-0500,3.51532130499254,140,148,57,362,57,39.82566253649952,42.10141468144235,102.97778455866305,24.886767485544883,23.84597600030247,32.84039284044408,53.465276232745914,0.0,0.0,282,0,0,634880,155,4096,22604,22604,6.61,59.3,1.1591796875,1.1591796875,13143316,13143316,59.153,59.153,PASS,0.0112982997961808,0.049126103665912524,31.210772917626517,266,46,11,5,50,255,57,0,0
16,baseline,2026-07-31T14:25:39-0500,2026-07-31T14:25:39-0500,3.291121057001874,140,148,57,362,57,42.53869656424501,44.969479225059004,109.99291540183351,23.297627093519885,22.542336999322288,31.35267864417983,34.77495318249563,0.0,0.0,282,0,0,401408,98,4096,22204,22204,6.68,58.8,1.14599609375,1.14599609375,13139964,13139964,59.153,59.153,PASS,0.0,0.0,0.0,0,0,0,0,0,0,0,0,0
16,mech_scal,2026-07-31T14:25:39-0500,2026-07-31T14:25:39-0500,4.16455166900414,140,148,57,362,57,33.617064002828876,35.538039088704814,86.92412263588609,29.44273143553541,28.71737099485472,38.59890038875164,45.624979860731386,0.0,0.0,282,0,0,634880,155,4096,22868,22868,7.0,59.2,1.14599609375,1.14599609375,13139132,13139132,59.153,59.153,PASS,0.022246855194680393,0.09855643674382009,61.45540109027733,266,46,11,5,50,255,57,0,0
17,baseline,2026-07-31T14:25:40-0500,2026-07-31T14:25:40-0500,3.4087678349751513,140,148,57,362,57,41.070558858116115,43.417447935722755,106.19673076170025,24.098956055448593,22.965991505770944,33.537314891873386,34.98118400166277,0.0,0.0,282,0,0,401408,98,4096,22220,22220,7.08,58.8,1.14599609375,1.14599609375,13136064,13136064,59.153,59.153,PASS,0.0,0.0,0.0,0,0,0,0,0,0,0,0,0
17,mech_scal,2026-07-31T14:25:40-0500,2026-07-31T14:25:40-0500,3.6168399039888754,140,148,57,362,57,38.707823325439236,40.919698944035765,100.08737174149289,25.61977142114691,24.281587000587024,31.726571533363305,36.68946888967183,0.0,0.0,282,0,0,634880,155,4096,22608,22608,7.42,59.2,1.14599609375,1.14599609375,13135092,13135092,59.153,59.153,PASS,0.010252927109831944,0.0443887400906533,28.323003065834097,266,46,11,5,50,255,57,0,0
18,baseline,2026-07-31T14:25:40-0500,2026-07-31T14:25:40-0500,3.29564811399905,140,148,57,362,57,42.48026341323173,44.90770703684497,109.84182396849918,23.327667294402737,22.513894000439905,29.85442965873516,31.946116227772997,0.0,0.0,282,0,0,401408,98,4096,22220,22220,7.58,59.0,1.14599609375,1.14599609375,13133400,13133400,59.153,59.153,PASS,0.0,0.0,0.0,0,0,0,0,0,0,0,0,0
18,mech_scal,2026-07-31T14:25:41-0500,2026-07-31T14:25:41-0500,3.713316955982009,140,148,57,362,57,37.70214114754343,39.85654921311733,97.48696496721944,26.28370720007557,26.09142300207168,32.941142868367024,34.17605375958373,0.0,0.0,282,0,0,634880,155,4096,22604,22604,7.9,59.3,1.14599609375,1.14599609375,13132144,13132144,59.153,59.153,PASS,0.011776368657592684,0.05151755904080346,32.53140513147151,266,46,11,5,50,255,57,0,0
19,baseline,2026-07-31T14:25:41-0500,2026-07-31T14:25:41-0500,3.4221874680079054,140,148,57,362,57,40.90950636362876,43.2471924415504,105.78029502595436,24.225280134955288,22.15513250848744,31.609940800990444,33.34462625993182,0.0,0.0,282,0,0,401408,98,4096,22212,22212,7.98,59.0,1.14599609375,1.14599609375,13128540,13128540,59.153,59.153,PASS,0.0,0.0,0.0,0,0,0,0,0,0,0,0,0
19,mech_scal,2026-07-31T14:25:41-0500,2026-07-31T14:25:41-0500,4.043084038014058,140,148,57,362,57,34.62703191021656,36.605719447943216,89.53561108213138,28.586557921413,28.51902499969583,37.25818108650854,44.80168228270485,0.0,0.0,282,0,0,634880,155,4096,22868,22868,8.29,59.3,1.14599609375,1.14599609375,13127708,13127708,59.153,59.153,PASS,0.020631569874240085,0.09077599784359336,56.9932869454146,266,46,11,5,50,255,57,0,0
20,baseline,2026-07-31T14:25:42-0500,2026-07-31T14:25:42-0500,3.8277084580040537,140,148,57,362,57,36.57540837710575,38.66543171294037,94.5735559465163,27.067592720517755,26.647059494280256,35.646009191987105,37.44435760687338,0.0,0.0,282,0,0,401408,98,4096,22224,22224,8.38,59.0,1.14599609375,1.14599609375,13124608,13124608,59.153,59.153,PASS,0.0,0.0,0.0,0,0,0,0,0,0,0,0,0
20,mech_scal,2026-07-31T14:25:42-0500,2026-07-31T14:25:42-0500,3.756371806986863,140,148,57,362,57,37.27000605733426,39.399720689181926,96.36958709110715,26.574274778457557,26.721434493083507,33.99224405147833,36.726140085665975,0.0,0.0,282,0,0,634880,155,4096,22608,22608,8.69,59.1,1.14599609375,1.14599609375,13123272,13123272,59.153,59.153,PASS,0.015358396514784545,0.0668111749982927,42.426509709349574,266,46,11,5,50,255,57,0,0
21,baseline,2026-07-31T14:25:43-0500,2026-07-31T14:25:43-0500,3.6006363360211253,140,148,57,362,57,38.88201610349427,41.103845595122515,100.53778449617803,25.494937756697517,22.85018900875002,32.3923371528508,36.700769399176295,0.0,0.0,282,0,0,401408,98,4096,22216,22216,8.89,59.1,1.14599609375,1.14599609375,13118840,13118840,59.153,59.153,PASS,0.0,0.0,0.0,0,0,0,0,0,0,0,0,0
21,mech_scal,2026-07-31T14:25:43-0500,2026-07-31T14:25:43-0500,3.9086624390038196,140,148,57,362,57,35.817879436956716,37.86461540478282,92.61480254413094,27.60115521211576,28.0036324984394,34.74137680605053,39.54769114701775,0.0,0.0,282,0,0,634880,155,4096,22604,22604,9.21,59.4,1.14599609375,1.14599609375,13117820,13117820,59.153,59.153,PASS,0.021781946386909112,0.09291104093426839,60.171122615771026,266,46,11,5,50,255,57,0,0
22,baseline,2026-07-31T14:25:43-0500,2026-07-31T14:25:43-0500,3.2044265320000704,140,148,57,362,57,43.68956460756109,46.18611115656458,112.96873134240796,22.66287808535188,21.96393501071725,30.830653401790183,34.228979915205834,0.0,0.0,282,0,0,401408,98,4096,22224,22224,9.28,59.0,1.14599609375,1.14599609375,13114208,13114208,59.153,59.153,PASS,0.0,0.0,0.0,0,0,0,0,0,0,0,0,0
22,mech_scal,2026-07-31T14:25:44-0500,2026-07-31T14:25:44-0500,3.9623599289916456,140,148,57,362,57,35.332479257033995,37.35147807172165,91.35969636461647,28.033205715265854,27.996775505016558,37.34374873019988,44.663044975022736,0.0,0.0,282,0,0,634880,155,4096,22604,22604,9.59,59.2,1.14599609375,1.14599609375,13113776,13113776,59.153,59.153,PASS,0.019818334898445755,0.08574838971253484,54.74678148741921,266,46,11,5,50,255,57,0,0
23,baseline,2026-07-31T14:25:44-0500,2026-07-31T14:25:44-0500,3.4924973270099144,140,148,57,362,57,40.08592903344048,42.37655354963708,103.65075935789609,24.725362150430946,25.135014002444223,30.064495628175784,34.06817449984373,0.0,0.0,282,0,0,401408,98,4096,22200,22200,9.68,59.0,1.13427734375,1.13427734375,13111464,13111464,59.153,59.153,PASS,0.0,0.0,0.0,0,0,0,0,0,0,0,0,0
23,mech_scal,2026-07-31T14:25:44-0500,2026-07-31T14:25:44-0500,4.544359660008922,140,148,57,362,57,30.807420731246683,32.567844773032206,79.659187890795,32.123132435455254,30.862470986903645,38.79559713677731,50.83914716233252,0.0,0.0,282,0,0,634880,155,4096,22856,22856,10.0,59.3,1.13427734375,1.13427734375,13110880,13110880,59.153,59.153,PASS,0.025924860819941387,0.1155796294042375,71.61563762414748,266,46,11,5,50,255,57,0,0
24,baseline,2026-07-31T14:25:45-0500,2026-07-31T14:25:45-0500,3.529874806990847,140,148,57,362,57,39.661463268536544,41.92783259816721,102.55321216578734,24.99717351519004,26.18241449818015,30.733228744065855,32.484382312104565,0.0,0.0,282,0,0,401408,98,4096,22224,22224,10.08,59.0,1.13427734375,1.13427734375,13107144,13107144,60.076,60.076,PASS,0.0,0.0,0.0,0,0,0,0,0,0,0,0,0
24,mech_scal,2026-07-31T14:25:45-0500,2026-07-31T14:25:45-0500,3.547487422998529,140,148,57,362,57,39.464551471662276,41.719668698614406,102.04405451958388,25.11723190795497,24.003753496799618,31.498216159525313,35.86576418456388,0.0,0.0,282,0,0,634880,155,4096,22604,22604,10.39,58.9,1.13427734375,1.13427734375,13105556,13105556,59.153,59.153,PASS,0.010996985045494512,0.048809915286256,30.37841172788539,266,46,11,5,50,255,57,0,0
25,baseline,2026-07-31T14:25:45-0500,2026-07-31T14:25:45-0500,3.385390618990641,140,148,57,362,57,41.354164336209216,43.717259441135454,106.9300534979124,23.968097894144844,22.67546900839079,30.91321935207815,33.108416790782904,0.0,0.0,282,0,0,401408,98,4096,22220,22220,10.47,58.6,1.13427734375,1.13427734375,13101820,13101820,59.153,59.153,PASS,0.0,0.0,0.0,0,0,0,0,0,0,0,0,0
25,mech_scal,2026-07-31T14:25:46-0500,2026-07-31T14:25:46-0500,4.4294245800119825,140,148,57,362,57,31.606814264714554,33.41291793698396,81.72619117019049,31.24010566347611,30.30624450184405,38.25372067803983,49.50788423127945,0.0,0.0,282,0,0,634880,155,4096,22600,22600,10.79,58.9,1.13427734375,1.13427734375,13100736,13100736,59.153,59.153,PASS,0.03286063059931621,0.14106378008727916,90.77522265004477,266,46,11,5,50,255,57,0,0
26,baseline,2026-07-31T14:25:46-0500,2026-07-31T14:25:46-0500,3.6517526420066133,140,148,57,362,57,38.33775551760016,40.52848440432017,99.13048212408042,25.836289070347057,25.78471298329532,31.030644559359637,33.736324171186425,0.0,0.0,282,0,0,401408,98,4096,22220,22220,10.87,58.7,1.13427734375,1.13427734375,13097392,13097392,59.153,59.153,PASS,0.0,0.0,0.0,0,0,0,0,0,0,0,0,0
26,mech_scal,2026-07-31T14:25:46-0500,2026-07-31T14:25:46-0500,4.093645360000664,140,148,57,362,57,34.19934744908564,36.15359587474768,88.42974126120717,29.002903450288745,28.92297849757597,35.48112296412,37.57578265678603,0.0,0.0,282,0,0,634880,155,4096,22604,22604,11.19,58.9,1.13427734375,1.13427734375,13097316,13097316,59.153,59.153,PASS,0.013153600273653865,0.055616694706259295,36.33591235815985,266,46,11,5,50,255,57,0,0
27,baseline,2026-07-31T14:25:47-0500,2026-07-31T14:25:47-0500,3.2160801110148896,140,148,57,362,57,43.531253938764785,46.01875416383706,112.55938518452038,22.757097457984596,22.08920150587801,31.883949483744797,35.21788597659906,0.0,0.0,282,0,0,401408,98,4096,22220,22220,11.26,58.6,1.13427734375,1.13427734375,13093248,13093248,59.153,59.153,PASS,0.0,0.0,0.0,0,0,0,0,0,0,0,0,0
27,mech_scal,2026-07-31T14:25:47-0500,2026-07-31T14:25:47-0500,3.4793805470108055,140,148,57,362,57,40.23704740209471,42.53630725364298,104.04150828255918,24.62631256473417,23.824953008443117,31.77915065025444,43.224548650323385,0.0,0.0,282,0,0,634880,155,4096,22608,22608,11.58,58.9,1.13427734375,1.13427734375,13092952,13092952,59.153,59.153,PASS,0.012798034731531516,0.05657545171561651,35.35368710367822,266,46,11,5,50,255,57,0,0
28,baseline,2026-07-31T14:25:48-0500,2026-07-31T14:25:48-0500,3.4888674289977644,140,148,57,362,57,40.12763535707556,42.42064309176559,103.75859999472395,24.680721405768836,24.62924300925806,34.754093483206816,40.03563502803444,0.0,0.0,282,0,0,401408,98,4096,22220,22220,11.66,58.6,1.13427734375,1.13427734375,13088592,13088592,59.153,59.153,PASS,0.0,0.0,0.0,0,0,0,0,0,0,0,0,0
28,mech_scal,2026-07-31T14:25:48-0500,2026-07-31T14:25:48-0500,3.989584626018768,140,148,57,362,57,35.091372441874206,37.09659372426702,90.73626302827472,28.276940065760368,28.47438100434374,34.131310295197174,38.25662655464839,0.0,0.0,282,0,0,634880,155,4096,22604,22604,11.97,58.7,1.13427734375,1.13427734375,13087760,13087760,60.076,60.076,PASS,0.01116090890718624,0.04846979258581996,30.83124007510011,266,46,11,5,50,255,57,0,0
29,baseline,2026-07-31T14:25:48-0500,2026-07-31T14:25:48-0500,3.5978161949897185,140,148,57,362,57,38.91249369408102,41.13606476231423,100.61659083755237,25.478529506238246,26.527018504566513,31.709948254865587,34.390858298283995,0.0,0.0,282,0,0,401408,98,4096,22220,22220,12.05,58.5,1.13427734375,1.13427734375,13084660,13084660,59.153,59.153,PASS,0.0,0.0,0.0,0,0,0,0,0,0,0,0,0
29,mech_scal,2026-07-31T14:25:48-0500,2026-07-31T14:25:48-0500,4.31064741400769,140,148,57,362,57,32.47772006243475,34.33358978028816,83.97810473286698,30.54513041466375,29.537092515965924,40.70530362223506,66.40450044826115,0.0,0.0,282,0,0,634880,155,4096,22604,22604,12.36,58.7,1.13427734375,1.13427734375,13083948,13083948,59.153,59.153,PASS,0.012152579467510805,0.05316402096650563,33.57066151246079,266,46,11,5,50,255,57,0,0
30,baseline,2026-07-31T14:25:49-0500,2026-07-31T14:25:49-0500,3.4964729899947997,140,148,57,362,57,40.04034934650195,42.32836930915921,103.53290331024075,24.75799123619384,25.784851983189583,30.010609146847855,31.64827120112021,0.0,0.0,282,0,0,401408,98,4096,22224,22224,12.44,58.4,1.123046875,1.123046875,13079452,13079452,60.076,60.076,PASS,0.0,0.0,0.0,0,0,0,0,0,0,0,0,0
30,mech_scal,2026-07-31T14:25:49-0500,2026-07-31T14:25:49-0500,3.7858539879962336,140,148,57,362,57,36.97976742998977,39.09289699741775,95.6191129261164,26.819633692295092,27.009153011022136,32.880388345802196,36.51609893946441,0.0,0.0,282,0,0,634880,155,4096,22604,22604,12.76,58.6,1.123046875,1.123046875,13079628,13079628,59.153,59.153,PASS,0.011245763569604605,0.04840764869004488,31.065645219902226,266,46,11,5,50,255,57,0,0
