workload,blocks,outputs,experimental_outputs,pair_id,pair_number,execution_order,baseline_run,mech_run,status,baseline_processing_seconds,mech_processing_seconds,paired_delta_seconds,paired_overhead_percent,baseline_peak_rss_kib,mech_peak_rss_kib,paired_rss_delta_kib,baseline_sqlite_bytes,mech_sqlite_bytes,paired_sqlite_delta_bytes,baseline_index_bytes,mech_index_bytes,mech_specific_structure_bytes,paired_dbstat_other_delta_bytes,additional_bytes_per_created_output_artifact,lifecycle_transitions_artifact,normalized_db_overhead_per_lifecycle_transition_artifact,baseline_basic_lookup_us_artifact,mech_basic_lookup_us_artifact,mech_current_lookup_us_artifact,mech_history_lookup_us_artifact,baseline_lookup_summary,mech_lookup_summary
W1,1000,3883,1725,W1-P1,1,baseline -> mech_scal,pair1_baseline,pair1_mech_scal,PASS,23.568444453994744,28.966388132976135,5.397943678981392,22.903266651806817,29884.0,29884.0,0.0,3481600.0,6004736.0,2523136.0,1773568.0,3194880.0,2961408.0,2523136.0,649.7903682719547,4032.0,625.7777777777778,26.542,29.459,29.75,30.626,basic median_us=26.542,basic median_us=29.459; current-layer median_us=29.75; history median_us=30.626
W1,1000,3883,1725,W1-P2,2,mech_scal -> baseline,pair2_baseline,pair2_mech_scal,PASS,24.19836941899848,28.89401583300787,4.6956464140093885,19.404805062289736,30940.0,30940.0,0.0,3481600.0,6004736.0,2523136.0,1773568.0,3194880.0,2961408.0,2523136.0,649.7903682719547,4032.0,625.7777777777778,26.834,29.751,30.042,30.626,basic median_us=26.834,basic median_us=29.751; current-layer median_us=30.042; history median_us=30.626
W1,1000,3883,1725,W1-P3,3,baseline -> mech_scal,pair3_baseline,pair3_mech_scal,PASS,24.953863614995495,25.416432835016167,0.46256922002067213,1.8536977966918957,30940.0,30940.0,0.0,3481600.0,6004736.0,2523136.0,1773568.0,3194880.0,2961408.0,2523136.0,649.7903682719547,4032.0,625.7777777777778,26.543,30.042,30.042,30.626,basic median_us=26.543,basic median_us=30.042; current-layer median_us=30.042; history median_us=30.626
W2,5001,20085,9225,W2-P1,1,baseline -> mech_scal,pair1_baseline,pair1_mech_scal,PASS,125.27429320500232,158.28870606498094,33.01441285997862,26.353701158746848,47092.0,48148.0,1056.0,17850368.0,31002624.0,13152256.0,9125888.0,16515072.0,15450112.0,13152256.0,654.8297734627831,21334.0,616.4927346020437,26.833,29.459,29.459,31.5,basic median_us=26.833,basic median_us=29.459; current-layer median_us=29.459; history median_us=31.5
W2,5001,20085,9225,W2-P2,2,mech_scal -> baseline,pair2_baseline,pair2_mech_scal,PASS,128.24016985000344,155.91639669099823,27.676226840994786,21.581558160260066,48412.0,48412.0,0.0,17850368.0,31002624.0,13152256.0,9125888.0,16515072.0,15450112.0,13152256.0,654.8297734627831,21334.0,616.4927346020437,26.542,30.626,30.334,31.5,basic median_us=26.542,basic median_us=30.626; current-layer median_us=30.334; history median_us=31.5
W2,5001,20085,9225,W2-P3,3,baseline -> mech_scal,pair3_baseline,pair3_mech_scal,PASS,125.93285448499957,156.21856185299112,30.28570736799155,24.049091471677087,48412.0,48412.0,0.0,17850368.0,31002624.0,13152256.0,9125888.0,16515072.0,15450112.0,13152256.0,654.8297734627831,21334.0,616.4927346020437,26.543,30.625,30.042,31.501,basic median_us=26.543,basic median_us=30.625; current-layer median_us=30.042; history median_us=31.501
W2,5001,20085,9225,W2-P4,4,mech_scal -> baseline,pair4_baseline,pair4_mech_scal,PASS,134.24470463598846,154.38352002800093,20.138815392012475,15.001571530601469,48676.0,48412.0,-264.0,17850368.0,31002624.0,13152256.0,9125888.0,16515072.0,15450112.0,13152256.0,654.8297734627831,21334.0,616.4927346020437,26.834,29.168,30.0425,31.5,basic median_us=26.834,basic median_us=29.168; current-layer median_us=30.0425; history median_us=31.5
W2,5001,20085,9225,W2-P5,5,baseline -> mech_scal,pair5_baseline,pair5_mech_scal,PASS,135.73088844300946,154.08440737400088,18.353518930991413,13.521991303179062,48676.0,48676.0,0.0,17850368.0,31002624.0,13152256.0,9125888.0,16515072.0,15450112.0,13152256.0,654.8297734627831,21334.0,616.4927346020437,26.834,30.625,30.042,31.209,basic median_us=26.834,basic median_us=30.625; current-layer median_us=30.042; history median_us=31.209
W3,10001,40335,18600,W3-P1,1,baseline -> mech_scal,pair1_baseline,pair1_mech_scal,PASS,257.5963141839602,331.90315612597624,74.30684194201604,28.846236475631574,85156.0,85172.0,16.0,35930112.0,62337024.0,26406912.0,18427904.0,33214464.0,31162368.0,26406912.0,654.6897731498699,42959.0,614.7003421867362,26.542,29.167,29.168,30.334,basic median_us=26.542,basic median_us=29.167; current-layer median_us=29.168; history median_us=30.334
W3,10001,40335,18600,W3-P2,2,mech_scal -> baseline,pair2_baseline,pair2_mech_scal,PASS,263.9812700720504,332.378978164983,68.39770809293259,25.91006099571545,85432.0,85284.0,-148.0,35930112.0,62337024.0,26406912.0,18427904.0,33214464.0,31162368.0,26406912.0,654.6897731498699,42959.0,614.7003421867362,26.543,30.626,30.334,31.209,basic median_us=26.543,basic median_us=30.626; current-layer median_us=30.334; history median_us=31.209
W3,10001,40335,18600,W3-P3,3,baseline -> mech_scal,pair3_baseline,pair3_mech_scal,PASS,272.0823865790153,347.16752601996996,75.08513944095466,27.596471930809543,85544.0,85604.0,60.0,35930112.0,62337024.0,26406912.0,18427904.0,33214464.0,31162368.0,26406912.0,654.6897731498699,42959.0,614.7003421867362,26.834,30.334,29.751,30.918,basic median_us=26.834,basic median_us=30.334; current-layer median_us=29.751; history median_us=30.918
W3,10001,40335,18600,W3-P4,4,mech_scal -> baseline,pair4_baseline,pair4_mech_scal,PASS,261.4107649269863,341.87288418400567,80.46211925701937,30.779956318743398,85808.0,85668.0,-140.0,35930112.0,62337024.0,26406912.0,18427904.0,33214464.0,31162368.0,26406912.0,654.6897731498699,42959.0,614.7003421867362,26.834,30.334,30.043,31.209,basic median_us=26.834,basic median_us=30.334; current-layer median_us=30.043; history median_us=31.209
W3,10001,40335,18600,W3-P5,5,baseline -> mech_scal,pair5_baseline,pair5_mech_scal,PASS,262.77531724295113,347.78653434995795,85.01121710700681,32.35129463411854,85924.0,86040.0,116.0,35930112.0,62337024.0,26406912.0,18427904.0,33214464.0,31162368.0,26406912.0,654.6897731498699,42959.0,614.7003421867362,26.543,30.334,30.042,31.209,basic median_us=26.543,basic median_us=30.334; current-layer median_us=30.042; history median_us=31.209
