workload,workload_label,blocks,transactions,outputs,spends,final_utxo,experimental_outputs,cohorts,pair_id,pair_number,execution_order,run,system,warmup,status,processing_seconds,whole_processor_wall_seconds,initialization_seconds,peak_rss_kib,legacy_sampled_peak_rss_kib,vmhwm_at_processor_return_kib,worker_lifetime_peak_rss_kib,physical_db_bytes,dbstat_total_allocated_bytes,dbstat_matches_physical,quick_check,validation_status,rpc_errors,retry_count,final_mh_count,final_ml_count,final_im_count,mh_to_im_count,mh_to_ml_count,ml_to_im_count,same_block_spend_count,classification_seconds,transition_persistence_seconds,outputs_per_second,seconds_per_block,seconds_per_output,common_tables_bytes,common_indexes_bytes,mech_specific_tables_bytes,mech_specific_indexes_bytes,transition_history_bytes,snapshots_bytes,other_structures_bytes
W1,W1 pilot,1000,1159,3883,1268,2615,1725,23,W1-P1,1,baseline -> mech_scal,pair1_baseline,baseline,False,PASS,23.568444453994744,23.671746609004913,0.0004990519955754,29884.0,27496.0,27496.0,37412.0,3481600.0,3481600.0,True,ok,PASS,0.0,0.0,,,,,,,,,,164.75419103622045,0.0235684444539947,0.0060696483270653,1675264.0,1773568.0,0.0,0.0,0.0,0.0,32768.0
W1,W1 pilot,1000,1159,3883,1268,2615,1725,23,W1-P1,1,baseline -> mech_scal,pair1_mech_scal,mech_scal,False,PASS,28.966388132976135,29.107930092985043,0.0004771770036313,29884.0,27744.0,28068.0,40816.0,6004736.0,6004736.0,True,ok,PASS,0.0,0.0,94.0,2521.0,1268.0,1025.0,2764.0,243.0,115.0,0.22552916521090083,1.106961279117968,134.05192190943148,0.0289663881329761,0.00745979606824,1699840.0,1306624.0,1073152.0,1888256.0,2805760.0,4096.0,36864.0
W1,W1 pilot,1000,1159,3883,1268,2615,1725,23,W1-P2,2,mech_scal -> baseline,pair2_baseline,baseline,False,PASS,24.19836941899848,24.319445843982976,0.0004795109853148,30940.0,27496.0,27496.0,37408.0,3481600.0,3481600.0,True,ok,PASS,0.0,0.0,,,,,,,,,,160.4653575108826,0.0241983694189984,0.006231874689415,1675264.0,1773568.0,0.0,0.0,0.0,0.0,32768.0
W1,W1 pilot,1000,1159,3883,1268,2615,1725,23,W1-P2,2,mech_scal -> baseline,pair2_mech_scal,mech_scal,False,PASS,28.89401583300787,29.047185634000925,0.0004929279966745,30940.0,27748.0,28072.0,40820.0,6004736.0,6004736.0,True,ok,PASS,0.0,0.0,94.0,2521.0,1268.0,1025.0,2764.0,243.0,115.0,0.15742518255137838,0.7648410038673319,134.38768852490725,0.0288940158330078,0.0074411578246221,1699840.0,1306624.0,1073152.0,1888256.0,2805760.0,4096.0,36864.0
W1,W1 pilot,1000,1159,3883,1268,2615,1725,23,W1-P3,3,baseline -> mech_scal,pair3_baseline,baseline,False,PASS,24.953863614995495,25.06754116897355,0.000484759977553,30940.0,27500.0,27500.0,37412.0,3481600.0,3481600.0,True,ok,PASS,0.0,0.0,,,,,,,,,,155.6071660849582,0.0249538636149955,0.0064264392518659,1675264.0,1773568.0,0.0,0.0,0.0,0.0,32768.0
W1,W1 pilot,1000,1159,3883,1268,2615,1725,23,W1-P3,3,baseline -> mech_scal,pair3_mech_scal,mech_scal,False,PASS,25.416432835016167,25.554761728009908,0.000490886013722,30940.0,27760.0,28084.0,40836.0,6004736.0,6004736.0,True,ok,PASS,0.0,0.0,94.0,2521.0,1268.0,1025.0,2764.0,243.0,115.0,0.1483915166463703,0.7357352892286144,152.77517601330737,0.0254164328350161,0.0065455660146835,1699840.0,1306624.0,1073152.0,1888256.0,2805760.0,4096.0,36864.0
W2,W2 scaling,5001,5860,20085,6868,13217,9225,123,W2-P1,1,baseline -> mech_scal,pair1_baseline,baseline,False,PASS,125.27429320500232,125.39601997300632,0.0004964240069966,47092.0,32232.0,41512.0,78788.0,17850368.0,17850368.0,True,ok,PASS,0.0,0.0,,,,,,,,,,160.3281845472666,0.0250498486712662,0.006237206532487,8691712.0,9125888.0,0.0,0.0,0.0,0.0,32768.0
W2,W2 scaling,5001,5860,20085,6868,13217,9225,123,W2-P1,1,baseline -> mech_scal,pair1_mech_scal,mech_scal,False,PASS,158.28870606498094,158.48133519600378,0.0005063409917056,48148.0,32228.0,41508.0,97516.0,31002624.0,31002624.0,True,ok,PASS,0.0,0.0,94.0,13123.0,6868.0,5525.0,14466.0,1343.0,615.0,0.7113082612922881,3.540417221665848,126.88839588943681,0.03165141093081,0.0078809413027125,8806400.0,6709248.0,5644288.0,9805824.0,14737408.0,4096.0,36864.0
W2,W2 scaling,5001,5860,20085,6868,13217,9225,123,W2-P2,2,mech_scal -> baseline,pair2_baseline,baseline,False,PASS,128.24016985000344,128.3669390139985,0.0004911750147584,48412.0,32228.0,41508.0,78784.0,17850368.0,17850368.0,True,ok,PASS,0.0,0.0,,,,,,,,,,156.62019181269403,0.0256429053889229,0.0063848727831716,8691712.0,9125888.0,0.0,0.0,0.0,0.0,32768.0
W2,W2 scaling,5001,5860,20085,6868,13217,9225,123,W2-P2,2,mech_scal -> baseline,pair2_mech_scal,mech_scal,False,PASS,155.91639669099823,156.0989596369909,0.0005072169878985,48412.0,32232.0,41512.0,97520.0,31002624.0,31002624.0,True,ok,PASS,0.0,0.0,94.0,13123.0,6868.0,5525.0,14466.0,1343.0,615.0,0.8144226182193961,4.067414355376968,128.8190365238193,0.0311770439294137,0.0077628278163305,8806400.0,6709248.0,5644288.0,9805824.0,14737408.0,4096.0,36864.0
W2,W2 scaling,5001,5860,20085,6868,13217,9225,123,W2-P3,3,baseline -> mech_scal,pair3_baseline,baseline,False,PASS,125.93285448499957,126.05415167601312,0.0004885510134045,48412.0,32228.0,41508.0,78784.0,17850368.0,17850368.0,True,ok,PASS,0.0,0.0,,,,,,,,,,159.48975414030988,0.0251815345900818,0.006269995244461,8691712.0,9125888.0,0.0,0.0,0.0,0.0,32768.0
W2,W2 scaling,5001,5860,20085,6868,13217,9225,123,W2-P3,3,baseline -> mech_scal,pair3_mech_scal,mech_scal,False,PASS,156.21856185299112,156.39078134900774,0.0003546740044839,48412.0,32228.0,41508.0,97516.0,31002624.0,31002624.0,True,ok,PASS,0.0,0.0,94.0,13123.0,6868.0,5525.0,14466.0,1343.0,615.0,0.7144595254212618,3.553189559956081,128.56986878998998,0.0312374648776227,0.0077778721360712,8806400.0,6709248.0,5644288.0,9805824.0,14737408.0,4096.0,36864.0
W2,W2 scaling,5001,5860,20085,6868,13217,9225,123,W2-P4,4,mech_scal -> baseline,pair4_baseline,baseline,False,PASS,134.24470463598846,134.36642579798354,0.0003365899901837,48676.0,32228.0,41508.0,78784.0,17850368.0,17850368.0,True,ok,PASS,0.0,0.0,,,,,,,,,,149.61483996304756,0.0268435722127551,0.0066838289587248,8691712.0,9125888.0,0.0,0.0,0.0,0.0,32768.0
W2,W2 scaling,5001,5860,20085,6868,13217,9225,123,W2-P4,4,mech_scal -> baseline,pair4_mech_scal,mech_scal,False,PASS,154.38352002800093,154.5658539379947,0.0004967179847881,48412.0,32212.0,41492.0,97500.0,31002624.0,31002624.0,True,ok,PASS,0.0,0.0,94.0,13123.0,6868.0,5525.0,14466.0,1343.0,615.0,0.7474345063092187,3.733527900680201,130.0980829842274,0.0308705298996202,0.007686508340951,8806400.0,6709248.0,5644288.0,9805824.0,14737408.0,4096.0,36864.0
W2,W2 scaling,5001,5860,20085,6868,13217,9225,123,W2-P5,5,baseline -> mech_scal,pair5_baseline,baseline,False,PASS,135.73088844300946,135.84394344998873,0.0004865099908784,48676.0,32228.0,41508.0,78784.0,17850368.0,17850368.0,True,ok,PASS,0.0,0.0,,,,,,,,,,147.9766339880201,0.0271407495386941,0.0067578236715464,8691712.0,9125888.0,0.0,0.0,0.0,0.0,32768.0
W2,W2 scaling,5001,5860,20085,6868,13217,9225,123,W2-P5,5,baseline -> mech_scal,pair5_mech_scal,mech_scal,False,PASS,154.08440737400088,154.25537755101686,0.0004958439967595,48676.0,32232.0,41512.0,97520.0,31002624.0,31002624.0,True,ok,PASS,0.0,0.0,94.0,13123.0,6868.0,5525.0,14466.0,1343.0,615.0,0.736036815069383,3.7302624244475737,130.35063276226742,0.0308107193309339,0.007671616000697,8806400.0,6709248.0,5644288.0,9805824.0,14737408.0,4096.0,36864.0
W3,W3 scaling,10001,11735,40335,13868,26467,18600,248,W3-P1,1,baseline -> mech_scal,pair1_baseline,baseline,False,PASS,257.5963141839602,257.7218158420292,0.0004728020285256,85156.0,27756.0,61564.0,130284.0,35930112.0,35930112.0,True,ok,PASS,0.0,0.0,,,,,,,,,,156.58220936808553,0.0257570557128247,0.0063864215739174,17469440.0,18427904.0,0.0,0.0,0.0,0.0,32768.0
W3,W3 scaling,10001,11735,40335,13868,26467,18600,248,W3-P1,1,baseline -> mech_scal,pair1_mech_scal,mech_scal,False,PASS,331.90315612597624,332.1443682250101,0.0003508829977363,85172.0,27776.0,61584.0,170956.0,62337024.0,62337024.0,True,ok,PASS,0.0,0.0,94.0,26373.0,13868.0,11150.0,29091.0,2718.0,1240.0,1.3826731414883398,6.965300319483504,121.5264129175396,0.0331869969129063,0.0082286638434604,17707008.0,13430784.0,11378688.0,19783680.0,29728768.0,4096.0,36864.0
W3,W3 scaling,10001,11735,40335,13868,26467,18600,248,W3-P2,2,mech_scal -> baseline,pair2_baseline,baseline,False,PASS,263.9812700720504,264.0801544659771,0.0003397999680601,85432.0,27776.0,61584.0,130304.0,35930112.0,35930112.0,True,ok,PASS,0.0,0.0,,,,,,,,,,152.79493120474444,0.0263954874584591,0.0065447197241118,17469440.0,18427904.0,0.0,0.0,0.0,0.0,32768.0
W3,W3 scaling,10001,11735,40335,13868,26467,18600,248,W3-P2,2,mech_scal -> baseline,pair2_mech_scal,mech_scal,False,PASS,332.378978164983,332.60620325797936,0.0003590499982237,85284.0,27784.0,61592.0,170960.0,62337024.0,62337024.0,True,ok,PASS,0.0,0.0,94.0,26373.0,13868.0,11150.0,29091.0,2718.0,1240.0,1.4115370295476168,7.098088395199738,121.35243998487448,0.0332345743590623,0.0082404605966278,17707008.0,13430784.0,11378688.0,19783680.0,29728768.0,4096.0,36864.0
W3,W3 scaling,10001,11735,40335,13868,26467,18600,248,W3-P3,3,baseline -> mech_scal,pair3_baseline,baseline,False,PASS,272.0823865790153,272.201996652002,0.0004949700087308,85544.0,27780.0,61588.0,130308.0,35930112.0,35930112.0,True,ok,PASS,0.0,0.0,,,,,,,,,,148.24553881324596,0.0272055181060909,0.0067455655529692,17469440.0,18427904.0,0.0,0.0,0.0,0.0,32768.0
W3,W3 scaling,10001,11735,40335,13868,26467,18600,248,W3-P3,3,baseline -> mech_scal,pair3_mech_scal,mech_scal,False,PASS,347.16752601996996,347.3814877429977,0.0003508829977363,85604.0,27776.0,61584.0,170956.0,62337024.0,62337024.0,True,ok,PASS,0.0,0.0,94.0,26373.0,13868.0,11150.0,29091.0,2718.0,1240.0,1.4935144670307636,7.39787115046056,116.18310175036311,0.0347132812738696,0.0086071036573687,17707008.0,13430784.0,11378688.0,19783680.0,29728768.0,4096.0,36864.0
W3,W3 scaling,10001,11735,40335,13868,26467,18600,248,W3-P4,4,mech_scal -> baseline,pair4_baseline,baseline,False,PASS,261.4107649269863,261.53754426003434,0.0003593410365283,85808.0,27776.0,61584.0,130304.0,35930112.0,35930112.0,True,ok,PASS,0.0,0.0,,,,,,,,,,154.29739479652196,0.0261384626464339,0.0064809908250151,17469440.0,18427904.0,0.0,0.0,0.0,0.0,32768.0
W3,W3 scaling,10001,11735,40335,13868,26467,18600,248,W3-P4,4,mech_scal -> baseline,pair4_mech_scal,mech_scal,False,PASS,341.87288418400567,342.1062794860336,0.000488260993734,85668.0,27776.0,61584.0,170956.0,62337024.0,62337024.0,True,ok,PASS,0.0,0.0,94.0,26373.0,13868.0,11150.0,29091.0,2718.0,1240.0,1.5589543399983086,7.637658280029427,117.98244864102928,0.0341838700313974,0.0084758369699765,17707008.0,13430784.0,11378688.0,19783680.0,29728768.0,4096.0,36864.0
W3,W3 scaling,10001,11735,40335,13868,26467,18600,248,W3-P5,5,baseline -> mech_scal,pair5_baseline,baseline,False,PASS,262.77531724295113,262.8779528470477,0.0003546740044839,85924.0,27776.0,61584.0,130304.0,35930112.0,35930112.0,True,ok,PASS,0.0,0.0,,,,,,,,,,153.4961518577787,0.0262749042338717,0.0065148213026639,17469440.0,18427904.0,0.0,0.0,0.0,0.0,32768.0
W3,W3 scaling,10001,11735,40335,13868,26467,18600,248,W3-P5,5,baseline -> mech_scal,pair5_mech_scal,mech_scal,False,PASS,347.78653434995795,348.0209709770279,0.000490594014991,86040.0,27776.0,61584.0,170956.0,62337024.0,62337024.0,True,ok,PASS,0.0,0.0,94.0,26373.0,13868.0,11150.0,29091.0,2718.0,1240.0,1.4574310492607765,7.257176494575106,115.97631310076304,0.034775175917404,0.0086224503371751,17707008.0,13430784.0,11378688.0,19783680.0,29728768.0,4096.0,36864.0
