workload,run,system,pair_id,blocks,outputs,dbstat_total_allocated_bytes,common_tables_bytes,common_indexes_bytes,mech_specific_tables_bytes,mech_specific_indexes_bytes,transition_history_bytes,snapshots_bytes,other_structures_bytes
W1,pair1_baseline,baseline,W1-P1,1000,3883,3481600.0,1675264.0,1773568.0,0.0,0.0,0.0,0.0,32768.0
W1,pair1_mech_scal,mech_scal,W1-P1,1000,3883,6004736.0,1699840.0,1306624.0,1073152.0,1888256.0,2805760.0,4096.0,36864.0
W1,pair2_baseline,baseline,W1-P2,1000,3883,3481600.0,1675264.0,1773568.0,0.0,0.0,0.0,0.0,32768.0
W1,pair2_mech_scal,mech_scal,W1-P2,1000,3883,6004736.0,1699840.0,1306624.0,1073152.0,1888256.0,2805760.0,4096.0,36864.0
W1,pair3_baseline,baseline,W1-P3,1000,3883,3481600.0,1675264.0,1773568.0,0.0,0.0,0.0,0.0,32768.0
W1,pair3_mech_scal,mech_scal,W1-P3,1000,3883,6004736.0,1699840.0,1306624.0,1073152.0,1888256.0,2805760.0,4096.0,36864.0
W2,pair1_baseline,baseline,W2-P1,5001,20085,17850368.0,8691712.0,9125888.0,0.0,0.0,0.0,0.0,32768.0
W2,pair1_mech_scal,mech_scal,W2-P1,5001,20085,31002624.0,8806400.0,6709248.0,5644288.0,9805824.0,14737408.0,4096.0,36864.0
W2,pair2_baseline,baseline,W2-P2,5001,20085,17850368.0,8691712.0,9125888.0,0.0,0.0,0.0,0.0,32768.0
W2,pair2_mech_scal,mech_scal,W2-P2,5001,20085,31002624.0,8806400.0,6709248.0,5644288.0,9805824.0,14737408.0,4096.0,36864.0
W2,pair3_baseline,baseline,W2-P3,5001,20085,17850368.0,8691712.0,9125888.0,0.0,0.0,0.0,0.0,32768.0
W2,pair3_mech_scal,mech_scal,W2-P3,5001,20085,31002624.0,8806400.0,6709248.0,5644288.0,9805824.0,14737408.0,4096.0,36864.0
W2,pair4_baseline,baseline,W2-P4,5001,20085,17850368.0,8691712.0,9125888.0,0.0,0.0,0.0,0.0,32768.0
W2,pair4_mech_scal,mech_scal,W2-P4,5001,20085,31002624.0,8806400.0,6709248.0,5644288.0,9805824.0,14737408.0,4096.0,36864.0
W2,pair5_baseline,baseline,W2-P5,5001,20085,17850368.0,8691712.0,9125888.0,0.0,0.0,0.0,0.0,32768.0
W2,pair5_mech_scal,mech_scal,W2-P5,5001,20085,31002624.0,8806400.0,6709248.0,5644288.0,9805824.0,14737408.0,4096.0,36864.0
W3,pair1_baseline,baseline,W3-P1,10001,40335,35930112.0,17469440.0,18427904.0,0.0,0.0,0.0,0.0,32768.0
W3,pair1_mech_scal,mech_scal,W3-P1,10001,40335,62337024.0,17707008.0,13430784.0,11378688.0,19783680.0,29728768.0,4096.0,36864.0
W3,pair2_baseline,baseline,W3-P2,10001,40335,35930112.0,17469440.0,18427904.0,0.0,0.0,0.0,0.0,32768.0
W3,pair2_mech_scal,mech_scal,W3-P2,10001,40335,62337024.0,17707008.0,13430784.0,11378688.0,19783680.0,29728768.0,4096.0,36864.0
W3,pair3_baseline,baseline,W3-P3,10001,40335,35930112.0,17469440.0,18427904.0,0.0,0.0,0.0,0.0,32768.0
W3,pair3_mech_scal,mech_scal,W3-P3,10001,40335,62337024.0,17707008.0,13430784.0,11378688.0,19783680.0,29728768.0,4096.0,36864.0
W3,pair4_baseline,baseline,W3-P4,10001,40335,35930112.0,17469440.0,18427904.0,0.0,0.0,0.0,0.0,32768.0
W3,pair4_mech_scal,mech_scal,W3-P4,10001,40335,62337024.0,17707008.0,13430784.0,11378688.0,19783680.0,29728768.0,4096.0,36864.0
W3,pair5_baseline,baseline,W3-P5,10001,40335,35930112.0,17469440.0,18427904.0,0.0,0.0,0.0,0.0,32768.0
W3,pair5_mech_scal,mech_scal,W3-P5,10001,40335,62337024.0,17707008.0,13430784.0,11378688.0,19783680.0,29728768.0,4096.0,36864.0
