workload,blocks,outputs,pair_id,run,system,query_type,n_observations,found_rate,median_us,q1_us,q3_us,iqr_us,p95_us,p99_us,max_us
W1,1000,3883,W1-P1,pair1_baseline,baseline,basic,7680,1.0,26.542,25.959,27.126,1.1670000000000016,28.001,32.084,91.002
W1,1000,3883,W1-P1,pair1_mech_scal,mech_scal,basic,7680,1.0,29.459,29.167,30.043,0.8759999999999977,31.209,35.292210000000004,117.253
W1,1000,3883,W1-P1,pair1_mech_scal,mech_scal,current-layer,7680,1.0,29.75,29.167,30.043,0.8759999999999977,31.209,35.584,53.668
W1,1000,3883,W1-P1,pair1_mech_scal,mech_scal,history,7680,1.0,30.626,30.043,31.209,1.1660000000000004,36.167,37.917210000000004,63.876
W1,1000,3883,W1-P2,pair2_baseline,baseline,basic,7680,1.0,26.834,26.25,27.126,0.8760000000000012,28.293,32.084,99.752
W1,1000,3883,W1-P2,pair2_mech_scal,mech_scal,basic,7680,1.0,29.751,29.459,30.334,0.875,31.209,35.584210000000006,111.419
W1,1000,3883,W1-P2,pair2_mech_scal,mech_scal,current-layer,7680,1.0,30.042,29.459,30.334,0.875,31.5,35.876,58.918
W1,1000,3883,W1-P2,pair2_mech_scal,mech_scal,history,7680,1.0,30.626,30.043,31.209,1.1660000000000004,36.167,38.209,68.543
W1,1000,3883,W1-P3,pair3_baseline,baseline,basic,7680,1.0,26.543,25.959,27.126,1.1670000000000016,28.001,32.085,96.835
W1,1000,3883,W1-P3,pair3_mech_scal,mech_scal,basic,7680,1.0,30.042,29.75,30.334,0.5839999999999996,31.209,35.584,107.627
W1,1000,3883,W1-P3,pair3_mech_scal,mech_scal,current-layer,7680,1.0,30.042,29.459,30.625,1.1660000000000004,31.5,35.584,56.002
W1,1000,3883,W1-P3,pair3_mech_scal,mech_scal,history,7680,1.0,30.626,30.334,31.209,0.875,36.167,38.209,64.751
W2,5001,20085,W2-P1,pair1_baseline,baseline,basic,7680,1.0,26.833,26.251,27.126,0.875,28.292,32.959,113.751
W2,5001,20085,W2-P1,pair1_mech_scal,mech_scal,basic,7680,1.0,29.459,29.167,29.75,0.5829999999999984,32.667,41.709,623.886
W2,5001,20085,W2-P1,pair1_mech_scal,mech_scal,current-layer,7680,1.0,29.459,29.167,30.042,0.875,32.97354999999979,42.001,97.418
W2,5001,20085,W2-P1,pair1_mech_scal,mech_scal,history,7680,1.0,31.5,30.917,32.084,1.1670000000000016,37.334,49.584,86.335
W2,5001,20085,W2-P2,pair2_baseline,baseline,basic,7680,1.0,26.542,26.25,27.125,0.875,28.584,33.834,132.419
W2,5001,20085,W2-P2,pair2_mech_scal,mech_scal,basic,7680,1.0,30.626,30.043,31.209,1.1660000000000004,32.667,37.917,357.882
W2,5001,20085,W2-P2,pair2_mech_scal,mech_scal,current-layer,7680,1.0,30.334,30.042,30.917,0.875,32.084,37.042,57.168
W2,5001,20085,W2-P2,pair2_mech_scal,mech_scal,history,7680,1.0,31.5,30.918,32.084,1.166000000000004,37.334,47.834,61.835
W2,5001,20085,W2-P3,pair3_baseline,baseline,basic,7680,1.0,26.543,26.25,27.126,0.8760000000000012,28.584,33.543,126.294
W2,5001,20085,W2-P3,pair3_mech_scal,mech_scal,basic,7680,1.0,30.625,30.042,30.917,0.875,32.084,37.042,350.299
W2,5001,20085,W2-P3,pair3_mech_scal,mech_scal,current-layer,7680,1.0,30.042,29.459,30.625,1.1660000000000004,31.501,36.459,80.21
W2,5001,20085,W2-P3,pair3_mech_scal,mech_scal,history,7680,1.0,31.501,30.918,32.084,1.166000000000004,37.043,46.96,61.543
W2,5001,20085,W2-P4,pair4_baseline,baseline,basic,7680,1.0,26.834,26.542,27.417,0.875,28.293,33.251,91.586
W2,5001,20085,W2-P4,pair4_mech_scal,mech_scal,basic,7680,1.0,29.168,28.875,30.334,1.4589999999999996,32.084,37.917,414.175
W2,5001,20085,W2-P4,pair4_mech_scal,mech_scal,current-layer,7680,1.0,30.0425,29.75,30.626,0.8760000000000012,31.792,36.751,65.335
W2,5001,20085,W2-P4,pair4_mech_scal,mech_scal,history,7680,1.0,31.5,30.917,31.793,0.8759999999999977,37.043,46.668,69.418
W2,5001,20085,W2-P5,pair5_baseline,baseline,basic,7680,1.0,26.834,26.542,27.126,0.5839999999999996,28.584,33.834,128.336
W2,5001,20085,W2-P5,pair5_mech_scal,mech_scal,basic,7680,1.0,30.625,30.042,30.918,0.8759999999999977,32.375,37.043,336.007
W2,5001,20085,W2-P5,pair5_mech_scal,mech_scal,current-layer,7680,1.0,30.042,29.75,30.625,0.875,31.792,36.459,59.501
W2,5001,20085,W2-P5,pair5_mech_scal,mech_scal,history,7680,1.0,31.209,30.917,32.084,1.1670000000000016,37.043,47.251,65.335
W3,10001,40335,W3-P1,pair1_baseline,baseline,basic,7680,1.0,26.542,25.959,27.126,1.1670000000000016,30.334,34.417210000000004,133.587
W3,10001,40335,W3-P1,pair1_mech_scal,mech_scal,basic,7680,1.0,29.167,28.875,29.168,0.29299999999999926,30.626,35.292,86.627
W3,10001,40335,W3-P1,pair1_mech_scal,mech_scal,current-layer,7680,1.0,29.168,28.876,30.042,1.1660000000000004,31.209,37.335,262.798
W3,10001,40335,W3-P1,pair1_mech_scal,mech_scal,history,7680,1.0,30.334,30.042,30.918,0.8759999999999977,38.209,58.335,97.127
W3,10001,40335,W3-P2,pair2_baseline,baseline,basic,7680,1.0,26.543,25.959,27.126,1.1670000000000016,30.625,34.417210000000004,132.129
W3,10001,40335,W3-P2,pair2_mech_scal,mech_scal,basic,7680,1.0,30.626,30.043,31.209,1.1660000000000004,32.667,37.918,153.129
W3,10001,40335,W3-P2,pair2_mech_scal,mech_scal,current-layer,7680,1.0,30.334,30.042,30.917,0.875,32.084,37.626,472.803
W3,10001,40335,W3-P2,pair2_mech_scal,mech_scal,history,7680,1.0,31.209,30.626,31.792,1.1660000000000004,37.042,48.71,70.876
W3,10001,40335,W3-P3,pair3_baseline,baseline,basic,7680,1.0,26.834,26.25,27.417,1.1670000000000016,30.34949999999979,34.418,130.961
W3,10001,40335,W3-P3,pair3_mech_scal,mech_scal,basic,7680,1.0,30.334,29.751,30.917,1.1660000000000004,32.09949999999979,37.335,165.962
W3,10001,40335,W3-P3,pair3_mech_scal,mech_scal,current-layer,7680,1.0,29.751,29.459,30.334,0.875,31.79205,37.042,456.76
W3,10001,40335,W3-P3,pair3_mech_scal,mech_scal,history,7680,1.0,30.918,30.334,31.501,1.1670000000000016,37.042,49.001,65.918
W3,10001,40335,W3-P4,pair4_baseline,baseline,basic,7680,1.0,26.834,26.251,27.417,1.1660000000000004,30.626,34.709,110.836
W3,10001,40335,W3-P4,pair4_mech_scal,mech_scal,basic,7680,1.0,30.334,29.751,30.626,0.875,32.375,37.68711000000001,148.754
W3,10001,40335,W3-P4,pair4_mech_scal,mech_scal,current-layer,7680,1.0,30.043,29.751,30.626,0.875,31.793,37.335,409.51
W3,10001,40335,W3-P4,pair4_mech_scal,mech_scal,history,7680,1.0,31.209,30.917,32.084,1.1670000000000016,37.334,49.001,70.585
W3,10001,40335,W3-P5,pair5_baseline,baseline,basic,7680,1.0,26.543,26.25,27.417,1.1670000000000016,30.334,34.417,113.17
W3,10001,40335,W3-P5,pair5_mech_scal,mech_scal,basic,7680,1.0,30.334,29.751,30.917,1.1660000000000004,32.09854999999979,37.626,147.003
W3,10001,40335,W3-P5,pair5_mech_scal,mech_scal,current-layer,7680,1.0,30.042,29.459,30.334,0.875,31.792,37.042,409.218
W3,10001,40335,W3-P5,pair5_mech_scal,mech_scal,history,7680,1.0,31.209,30.626,31.793,1.166999999999998,37.334,49.293,89.835
