workload,blocks,outputs,system,n_runs,processing_median_s,processing_q1_s,processing_q3_s,processing_iqr_s,processing_min_s,processing_max_s,processing_s_per_1000_blocks_median,processing_s_per_10000_outputs_median,peak_rss_median_kib,peak_rss_q1_kib,peak_rss_q3_kib,peak_rss_iqr_kib,peak_rss_min_kib,peak_rss_max_kib,sqlite_median_bytes,sqlite_q1_bytes,sqlite_q3_bytes,sqlite_iqr_bytes,sqlite_min_bytes,sqlite_max_bytes,sqlite_bytes_per_output_median,index_median_bytes,index_q1_bytes,index_q3_bytes,index_iqr_bytes,index_bytes_per_output_median,mech_specific_bytes_median,mech_specific_bytes_iqr,mech_specific_bytes_per_output_median,paired_delta_median_s,paired_delta_q1_s,paired_delta_q3_s,paired_delta_iqr_s,paired_delta_min_s,paired_delta_max_s,paired_overhead_median_percent,paired_overhead_q1_percent,paired_overhead_q3_percent,paired_overhead_iqr_percent,paired_overhead_min_percent,paired_overhead_max_percent,paired_rss_delta_median_kib,paired_rss_delta_iqr_kib,paired_rss_delta_min_kib,paired_rss_delta_max_kib,paired_sqlite_delta_median_bytes,paired_sqlite_delta_iqr_bytes,paired_sqlite_delta_bytes_per_output
W1,1000,3883,baseline,3,24.19836941899848,23.883406936496613,24.57611651699699,0.6927095805003773,23.568444453994744,24.953863614995495,24.19836941899848,62.318746894150095,30940.0,30412.0,30940.0,528.0,29884.0,30940.0,3481600.0,3481600.0,3481600.0,0.0,3481600.0,3481600.0,896.6263198557816,1773568.0,1773568.0,1773568.0,0.0,456.75199587947463,,,,,,,,,,,,,,,,,,,,,,
W1,1000,3883,mech_scal,3,28.89401583300787,27.15522433401202,28.930201982992003,1.7749776489799842,25.416432835016167,28.966388132976135,28.89401583300787,74.41157824622167,30940.0,30412.0,30940.0,528.0,29884.0,30940.0,6004736.0,6004736.0,6004736.0,0.0,6004736.0,6004736.0,1546.4166881277363,3194880.0,3194880.0,3194880.0,0.0,822.7865052794232,2961408.0,0.0,762.6597991243883,,,,,,,,,,,,,,,,,,,
W1,1000,3883,paired,3,,,,,,,,,,,,,,,,,,,,,,,,,,,,,,4.6956464140093885,2.5791078170150303,5.04679504649539,2.46768722948036,0.46256922002067213,5.397943678981392,19.404805062289736,10.629251429490816,21.154035857048278,10.524784427557462,1.8536977966918957,22.903266651806817,0.0,0.0,0.0,0.0,2523136.0,0.0,649.7903682719547
W2,5001,20085,baseline,5,128.24016985000344,125.93285448499957,134.24470463598846,8.311850150988889,125.27429320500232,135.73088844300946,25.642905388922905,63.84872783171692,48412.0,48412.0,48676.0,264.0,47092.0,48676.0,17850368.0,17850368.0,17850368.0,0.0,17850368.0,17850368.0,888.7412496888224,9125888.0,9125888.0,9125888.0,0.0,454.363355738113,,,,,,,,,,,,,,,,,,,,,,
W2,5001,20085,mech_scal,5,155.91639669099823,154.38352002800093,156.21856185299112,1.835041824990185,154.08440737400088,158.28870606498094,31.177043929413763,77.62827816330507,48412.0,48412.0,48412.0,0.0,48148.0,48676.0,31002624.0,31002624.0,31002624.0,0.0,31002624.0,31002624.0,1543.5710231516057,16515072.0,16515072.0,16515072.0,0.0,822.258999253174,15450112.0,0.0,769.2363455314911,,,,,,,,,,,,,,,,,,,
W2,5001,20085,paired,5,,,,,,,,,,,,,,,,,,,,,,,,,,,,,,27.676226840994786,20.138815392012475,30.28570736799155,10.146891975979074,18.353518930991413,33.01441285997862,21.581558160260066,15.001571530601469,24.049091471677087,9.047519941075619,13.521991303179062,26.353701158746848,0.0,0.0,-264.0,1056.0,13152256.0,0.0,654.8297734627831
W3,10001,40335,baseline,5,262.77531724295113,261.4107649269863,263.9812700720504,2.5705051450640894,257.5963141839602,272.0823865790153,26.274904233871727,65.14821302663967,85544.0,85432.0,85808.0,376.0,85156.0,85924.0,35930112.0,35930112.0,35930112.0,0.0,35930112.0,35930112.0,890.7924135366308,18427904.0,18427904.0,18427904.0,0.0,456.8713028387257,,,,,,,,,,,,,,,,,,,,,,
W3,10001,40335,mech_scal,5,341.87288418400567,332.378978164983,347.16752601996996,14.788547854986973,331.90315612597624,347.78653434995795,34.183870031397426,84.75836969976588,85604.0,85284.0,85668.0,384.0,85172.0,86040.0,62337024.0,62337024.0,62337024.0,0.0,62337024.0,62337024.0,1545.4821866865007,33214464.0,33214464.0,33214464.0,0.0,823.4650799553738,31162368.0,0.0,772.5887690591297,,,,,,,,,,,,,,,,,,,
W3,10001,40335,paired,5,,,,,,,,,,,,,,,,,,,,,,,,,,,,,,75.08513944095466,74.30684194201604,80.46211925701937,6.155277315003332,68.39770809293259,85.01121710700681,28.846236475631574,27.596471930809543,30.779956318743398,3.1834843879338557,25.91006099571545,32.35129463411854,16.0,200.0,-148.0,116.0,26406912.0,0.0,654.6897731498699
